idade,sexo,frequencia_semanal_treino,tipo_atividade,tempo_medio_exercicio,minutos_totais_semana,preco_plano,possui_nutricionista,primeiro_PGC,ultimo_PGC,data_matricula,estado,evolucao_pgc,tempo_cliente
48,outro,7,natação,45.3,317.1,188.47,Não,39.5,24.9,2021-07-28,atleta,14.6,1697
30,outro,7,yoga,98.1,686.7,198.07,Não,25.2,23.5,2020-12-28,atleta,1.7,1909
35,masculino,5,cardio,33.9,169.5,154.9,Não,27.2,11.4,2022-02-27,atleta,15.8,1483
43,outro,3,yoga,75.6,226.8,250.79,Sim,14.4,19.2,2022-12-01,ativa,-4.8,1206
37,masculino,0,crossfit,114.0,0.0,168.02,Sim,21.5,18.1,2024-01-20,sedentária,3.4,791
57,masculino,2,yoga,95.5,191.0,74.06,Não,35.8,14.4,2020-04-26,ativa,21.4,2155
55,masculino,7,crossfit,95.7,669.9,289.13,Sim,16.1,14.9,2022-06-12,atleta,1.2,1378
21,feminino,5,yoga,117.5,587.5,259.55,Não,13.2,13.5,2021-09-07,atleta,-0.3,1656
37,masculino,7,yoga,70.1,247.5,194.34,Sim,18.4,21.8,2025-09-02,atleta,-3.4,200
50,masculino,1,musculação,105.0,105.0,290.91,Sim,37.3,31.0,2020-05-06,ativa,6.3,2145
21,feminino,0,futebol,94.8,0.0,176.86,Sim,25.5,21.2,2025-03-10,sedentária,4.3,376
30,outro,0,crossfit,67.7,0.0,147.73,Sim,28.6,25.4,2023-11-12,sedentária,3.2,860
42,outro,1,yoga,56.6,56.6,170.38,Não,15.7,29.6,2021-12-31,ativa,-13.9,1541
20,masculino,6,cardio,47.8,286.8,206.8,Sim,10.4,22.7,2022-12-25,atleta,-12.3,1182
47,feminino,2,musculação,112.5,225.0,117.85,Não,29.0,13.4,2020-05-01,ativa,15.6,2150
24,outro,4,crossfit,80.4,321.6,63.51,Não,13.5,34.1,2020-10-29,ativa,-20.6,1969
62,outro,4,futebol,69.1,276.4,143.89,Sim,29.8,16.0,2024-01-19,ativa,13.8,792
35,feminino,0,natação,48.9,0.0,53.65,Não,12.3,20.9,2025-04-23,sedentária,-8.6,332
22,outro,4,musculação,94.3,377.2,131.0,Não,36.7,10.8,2022-06-13,ativa,25.9,1377
36,feminino,4,crossfit,101.7,406.8,174.82,Não,31.2,36.4,2021-06-11,ativa,-5.2,1744
36,feminino,3,crossfit,99.6,298.8,298.37,Sim,22.7,30.3,2022-07-02,ativa,-7.6,1358
57,outro,5,natação,94.7,473.5,225.36,Não,28.1,11.4,2024-10-13,atleta,16.7,524
57,outro,5,crossfit,42.2,211.0,251.88,Não,22.7,27.2,2022-05-26,atleta,-4.5,1395
52,feminino,6,yoga,89.6,537.6,181.9,Sim,11.3,16.8,2022-04-10,atleta,-5.5,1441
31,outro,2,futebol,52.3,104.6,81.08,Sim,13.3,35.5,2023-05-20,ativa,-22.2,1036
64,masculino,1,yoga,105.6,105.6,256.94,Sim,14.3,34.1,2024-10-04,ativa,-19.8,533
64,outro,0,musculação,70.1,247.5,148.59,Sim,19.3,19.1,2024-10-13,sedentária,0.2,524
41,masculino,2,futebol,81.6,163.2,56.38,Sim,12.9,30.1,2024-09-09,ativa,-17.2,558
40,feminino,4,natação,82.1,328.4,114.78,Não,33.6,27.6,2021-05-09,ativa,6.0,1777
37,outro,4,yoga,45.1,180.4,78.51,Sim,17.3,32.4,2023-05-08,ativa,-15.1,1048
51,masculino,7,cardio,74.5,521.5,223.85,Sim,10.2,29.5,2020-05-23,atleta,-19.3,2128
42,feminino,5,cardio,109.8,549.0,136.8,Não,30.7,13.9,2022-02-04,atleta,16.8,1506
33,masculino,2,musculação,93.8,187.6,113.1,Sim,35.8,12.5,2023-03-11,ativa,23.3,1106
48,feminino,0,natação,75.4,0.0,74.83,Não,23.6,24.5,2020-09-05,sedentária,-0.9,2023
20,outro,4,yoga,29.6,118.4,263.94,Sim,38.7,20.1,2024-02-04,ativa,18.6,776
35,outro,3,natação,94.5,283.5,94.64,Sim,15.0,23.5,2024-08-24,ativa,-8.5,574
56,feminino,0,musculação,25.8,0.0,233.58,Sim,18.6,12.6,2020-03-26,sedentária,6.0,2186
21,outro,6,cardio,33.9,203.4,151.75,Não,39.2,15.9,2023-06-16,atleta,23.3,1009
53,masculino,2,yoga,98.3,196.6,176.74,Sim,37.4,29.5,2025-02-04,ativa,7.9,410
34,outro,4,yoga,21.9,87.6,171.13,Não,30.7,23.0,2024-02-18,ativa,7.7,762
40,outro,4,natação,36.9,147.6,261.56,Não,20.8,17.4,2020-01-29,ativa,3.4,2243
45,outro,5,futebol,104.3,521.5,138.88,Sim,36.0,36.0,2020-02-07,atleta,0.0,2234
49,outro,5,futebol,70.1,247.5,235.3,Não,30.4,13.2,2024-03-25,atleta,17.2,726
54,feminino,4,cardio,113.2,247.5,65.29,Sim,16.6,35.0,2021-10-05,sedentária,-18.4,1628
32,feminino,0,crossfit,46.9,0.0,273.31,Não,30.9,10.6,2020-12-16,sedentária,20.3,1921
35,outro,4,yoga,46.8,187.2,61.92,Sim,21.3,17.5,2022-03-08,ativa,3.8,1474
20,masculino,7,natação,58.1,406.7,195.57,Sim,10.7,28.0,2024-02-26,atleta,-17.3,754
35,outro,5,yoga,57.3,286.5,97.55,Não,17.2,12.1,2025-02-23,atleta,5.1,391
20,outro,1,cardio,71.0,71.0,163.27,Não,27.3,20.6,2023-06-19,ativa,6.7,1006
33,masculino,7,musculação,118.3,828.1,184.03,Não,12.7,25.9,2021-11-28,atleta,-13.2,1574
22,masculino,5,natação,119.6,598.0,243.95,Não,36.9,27.3,2020-03-14,atleta,9.6,2198
44,feminino,3,yoga,88.3,264.9,176.71,Sim,33.0,20.8,2024-09-04,ativa,12.2,563
24,masculino,5,crossfit,72.3,361.5,234.14,Sim,27.4,18.4,2021-09-08,atleta,9.0,1655
28,feminino,3,cardio,115.2,345.6,82.98,Sim,29.8,36.2,2025-04-01,ativa,-6.4,354
52,feminino,6,natação,114.2,685.2,186.69,Não,36.9,28.1,2020-11-24,atleta,8.8,1943
33,feminino,4,natação,114.8,459.2,58.5,Não,28.2,39.6,2023-05-19,ativa,-11.4,1037
38,masculino,4,cardio,26.9,107.6,67.17,Não,34.7,34.1,2021-04-02,ativa,0.6,1814
28,feminino,6,futebol,116.1,696.6,175.74,Sim,19.6,27.9,2023-09-20,atleta,-8.3,913
27,masculino,7,musculação,47.3,331.1,133.74,Não,14.6,10.5,2024-11-06,atleta,4.1,500
62,outro,3,natação,35.6,106.8,178.59,Não,21.2,31.0,2022-07-21,ativa,-9.8,1339
56,feminino,5,musculação,82.7,413.5,200.92,Não,27.1,32.0,2020-07-19,atleta,-4.9,2071
34,feminino,6,cardio,113.9,683.4,117.6,Sim,14.0,31.7,2024-07-04,atleta,-17.7,625
45,masculino,6,cardio,70.1,247.5,245.24,Não,22.7,20.6,2022-08-27,atleta,2.1,1302
25,masculino,3,musculação,63.7,191.1,97.23,Sim,30.0,23.5,2022-04-02,ativa,6.5,1449
63,outro,7,natação,70.1,247.5,266.84,Não,32.2,27.7,2021-11-21,atleta,4.5,1581
62,masculino,5,natação,61.1,305.5,112.43,Sim,39.3,16.8,2020-07-21,atleta,22.5,2069
42,feminino,7,musculação,95.2,666.4,254.19,Não,10.4,15.1,2024-12-31,atleta,-4.7,445
59,feminino,6,crossfit,44.1,264.6,138.08,Não,15.0,35.4,2024-03-23,atleta,-20.4,728
63,outro,0,crossfit,45.9,0.0,207.14,Sim,27.0,37.7,2023-03-07,sedentária,-10.7,1110
53,feminino,3,yoga,86.5,259.5,258.39,Não,30.0,39.9,2024-03-03,ativa,-9.9,748
57,feminino,0,musculação,116.5,0.0,237.93,Sim,38.7,29.1,2023-12-22,sedentária,9.6,820
35,masculino,3,yoga,32.4,97.2,62.93,Não,11.3,30.0,2025-01-20,ativa,-18.7,425
53,masculino,6,cardio,60.9,365.4,205.06,Sim,11.3,14.8,2020-12-21,atleta,-3.5,1916
39,outro,0,crossfit,23.9,0.0,142.83,Não,16.3,19.3,2025-07-31,sedentária,-3.0,233
61,masculino,4,crossfit,24.6,98.4,82.94,Não,32.0,16.4,2020-11-07,ativa,15.6,1960
30,masculino,4,musculação,70.0,280.0,266.74,Sim,20.8,29.8,2023-10-17,ativa,-9.0,886
30,feminino,2,cardio,82.5,165.0,237.74,Não,17.2,19.3,2025-07-23,ativa,-2.1,241
21,feminino,0,futebol,69.7,0.0,132.41,Sim,13.4,35.0,2023-03-31,sedentária,-21.6,1086
64,feminino,4,futebol,47.8,191.2,83.66,Não,39.8,24.9,2021-03-25,ativa,14.9,1822
28,outro,0,crossfit,83.8,0.0,64.35,Não,11.5,20.5,2023-10-07,sedentária,-9.0,896
64,masculino,7,crossfit,53.2,372.4,184.36,Não,21.5,21.8,2024-06-23,atleta,-0.3,636
63,outro,2,crossfit,116.4,232.8,214.37,Sim,35.9,24.4,2025-03-26,ativa,11.5,360
29,feminino,2,crossfit,85.8,171.6,176.56,Sim,15.1,32.6,2022-03-08,ativa,-17.5,1474
41,masculino,6,musculação,57.3,343.8,235.76,Sim,13.6,37.6,2023-04-05,atleta,-24.0,1081
43,feminino,1,crossfit,47.1,47.1,165.95,Não,36.0,12.8,2020-04-17,ativa,23.2,2164
54,masculino,4,crossfit,91.4,247.5,284.36,Não,20.6,26.4,2021-02-28,sedentária,-5.8,1847
29,masculino,2,musculação,113.0,226.0,247.27,Sim,36.6,19.1,2024-04-08,ativa,17.5,712
40,feminino,6,musculação,80.4,482.4,173.46,Sim,25.1,35.4,2025-03-07,atleta,-10.3,379
18,outro,7,cardio,62.9,440.3,199.37,Não,16.8,36.0,2021-11-08,atleta,-19.2,1594
31,masculino,6,natação,89.9,539.4,284.14,Sim,39.3,17.6,2025-06-11,atleta,21.7,283
54,feminino,2,futebol,110.6,221.2,293.1,Não,32.1,10.2,2025-04-08,ativa,21.9,347
53,outro,4,futebol,73.4,293.6,218.65,Não,33.1,22.5,2022-04-16,ativa,10.6,1435
44,masculino,5,crossfit,63.0,315.0,197.3,Não,33.4,13.6,2021-10-09,atleta,19.8,1624
56,masculino,7,yoga,87.5,612.5,264.61,Sim,30.3,27.0,2025-04-26,atleta,3.3,329
37,feminino,5,futebol,60.5,302.5,74.13,Não,28.3,15.2,2020-03-28,atleta,13.1,2184
34,outro,7,yoga,96.0,672.0,133.92,Não,31.4,24.8,2023-01-05,atleta,6.6,1171
60,outro,5,yoga,47.7,238.5,119.36,Não,31.2,18.9,2022-07-17,atleta,12.3,1343
35,masculino,6,natação,87.8,526.8,67.0,Não,27.0,34.7,2021-10-19,atleta,-7.7,1614
53,outro,3,crossfit,65.7,197.1,109.02,Sim,20.2,17.1,2023-05-17,ativa,3.1,1039
59,feminino,2,crossfit,38.0,76.0,121.55,Não,39.4,35.0,2022-01-10,ativa,4.4,1531
20,outro,4,crossfit,22.1,247.5,213.46,Sim,35.3,25.3,2025-07-27,sedentária,10.0,237
55,masculino,2,futebol,117.7,235.4,246.02,Não,11.3,16.4,2021-07-29,ativa,-5.1,1696
41,masculino,2,crossfit,42.3,84.6,286.25,Sim,36.4,36.3,2022-03-17,ativa,0.1,1465
56,outro,4,crossfit,44.3,177.2,91.67,Sim,31.2,38.0,2021-02-20,ativa,-6.8,1855
33,outro,4,crossfit,70.1,247.5,60.35,Não,17.9,33.2,2025-09-08,ativa,-15.3,194
36,outro,4,futebol,51.7,206.8,221.25,Não,25.3,38.0,2021-03-10,ativa,-12.7,1837
23,feminino,3,crossfit,36.8,110.4,286.46,Sim,20.6,31.9,2021-07-30,ativa,-11.3,1695
25,outro,5,futebol,34.9,174.5,270.0,Não,23.3,31.8,2022-03-20,atleta,-8.5,1462
37,masculino,5,crossfit,47.4,237.0,74.58,Sim,36.1,11.4,2022-08-13,atleta,24.7,1316
38,masculino,7,musculação,51.6,361.2,267.99,Sim,35.0,19.5,2023-05-31,atleta,15.5,1025
33,masculino,3,cardio,70.7,212.1,56.83,Não,39.5,19.5,2022-03-10,ativa,20.0,1472
33,feminino,1,cardio,73.1,73.1,247.24,Sim,14.8,12.4,2020-07-12,ativa,2.4,2078
18,outro,7,cardio,70.1,247.5,155.25,Não,23.6,21.8,2020-11-08,atleta,1.8,1959
27,masculino,1,natação,58.0,58.0,170.14,Não,39.2,22.4,2023-12-12,ativa,16.8,830
45,outro,0,crossfit,88.5,0.0,86.94,Sim,29.6,27.8,2023-04-14,sedentária,1.8,1072
43,feminino,2,musculação,31.9,63.8,54.78,Não,21.7,39.6,2021-08-14,ativa,-17.9,1680
37,outro,4,futebol,21.8,87.2,292.44,Não,30.6,26.0,2023-03-05,ativa,4.6,1112
47,feminino,1,futebol,81.0,81.0,133.92,Não,13.4,10.8,2020-05-28,ativa,2.6,2123
18,feminino,4,yoga,34.6,138.4,211.34,Não,19.0,11.6,2022-05-24,ativa,7.4,1397
33,masculino,5,crossfit,23.7,118.5,107.99,Não,37.7,21.4,2024-02-22,atleta,16.3,758
44,masculino,5,cardio,51.7,258.5,252.38,Não,36.2,24.6,2024-04-22,atleta,11.6,698
41,masculino,0,cardio,51.6,0.0,227.1,Não,18.9,20.1,2024-05-20,sedentária,-1.2,670
42,outro,4,musculação,27.1,108.4,63.98,Não,39.0,11.2,2021-07-23,ativa,27.8,1702
38,feminino,4,musculação,41.0,247.5,174.41,Não,32.7,17.9,2022-04-23,sedentária,14.8,1428
52,feminino,0,cardio,34.9,0.0,258.48,Não,13.7,28.8,2021-08-21,sedentária,-15.1,1673
30,masculino,5,musculação,20.6,103.0,175.49,Não,12.5,15.4,2023-07-18,atleta,-2.9,977
52,masculino,4,crossfit,39.7,158.8,249.53,Sim,32.4,28.5,2020-04-08,ativa,3.9,2173
49,masculino,0,cardio,75.0,0.0,206.8,Sim,28.2,17.9,2023-07-28,sedentária,10.3,967
38,outro,3,cardio,106.8,320.4,273.77,Sim,16.1,18.9,2021-11-07,ativa,-2.8,1595
52,outro,3,crossfit,68.9,206.7,122.92,Sim,23.6,21.7,2024-06-17,ativa,1.9,642
22,outro,3,futebol,77.2,231.6,134.71,Não,29.4,15.7,2023-05-30,ativa,13.7,1026
21,masculino,1,futebol,115.7,115.7,247.15,Sim,18.6,17.1,2022-07-06,ativa,1.5,1354
64,outro,4,crossfit,54.3,217.2,132.65,Sim,14.7,23.2,2023-09-21,ativa,-8.5,912
55,masculino,2,musculação,52.8,105.6,68.84,Não,38.2,29.9,2021-09-05,ativa,8.3,1658
45,feminino,0,cardio,97.3,0.0,235.39,Sim,18.2,21.3,2021-06-01,sedentária,-3.1,1754
31,masculino,2,yoga,82.1,164.2,165.23,Sim,10.8,37.5,2020-06-13,ativa,-26.7,2107
29,outro,3,natação,60.0,180.0,229.87,Não,38.6,19.0,2022-07-08,ativa,19.6,1352
29,masculino,4,cardio,98.7,394.8,215.96,Não,18.2,13.6,2020-06-02,ativa,4.6,2118
50,masculino,5,cardio,106.8,534.0,104.04,Sim,15.9,15.2,2024-12-30,atleta,0.7,446
38,feminino,7,cardio,105.0,735.0,186.04,Não,11.0,22.0,2025-02-28,atleta,-11.0,386
18,feminino,5,musculação,116.0,580.0,104.44,Não,21.7,38.2,2021-07-15,atleta,-16.5,1710
29,masculino,1,yoga,109.8,109.8,64.68,Não,24.5,27.0,2022-06-22,ativa,-2.5,1368
43,outro,4,futebol,87.0,348.0,78.3,Não,15.2,38.7,2021-06-04,ativa,-23.5,1751
51,feminino,2,yoga,48.9,97.8,240.18,Não,30.4,38.2,2022-05-28,ativa,-7.8,1393
52,outro,4,futebol,43.2,172.8,223.0,Não,18.6,19.9,2023-11-08,ativa,-1.3,864
27,masculino,0,futebol,20.9,0.0,103.76,Sim,18.9,25.3,2022-12-23,sedentária,-6.4,1184
42,outro,6,cardio,71.0,426.0,162.15,Não,31.6,26.2,2022-06-17,atleta,5.4,1373
62,feminino,2,yoga,35.0,70.0,284.59,Não,32.5,12.6,2020-12-06,ativa,19.9,1931
23,masculino,4,musculação,77.7,310.8,147.17,Sim,27.8,17.4,2025-03-23,ativa,10.4,363
54,masculino,4,natação,113.1,452.4,196.02,Não,29.9,36.1,2020-11-02,ativa,-6.2,1965
64,masculino,6,crossfit,63.8,382.8,290.94,Sim,13.2,27.9,2020-09-22,atleta,-14.7,2006
18,outro,5,musculação,23.2,116.0,103.56,Não,27.3,37.4,2023-08-08,atleta,-10.1,956
38,outro,3,cardio,64.1,192.3,165.03,Sim,15.9,11.0,2020-03-30,ativa,4.9,2182
39,feminino,6,natação,48.9,293.4,108.52,Não,18.2,39.0,2022-01-20,atleta,-20.8,1521
24,feminino,0,yoga,34.1,0.0,178.44,Sim,39.7,10.0,2025-08-12,sedentária,29.7,221
44,outro,1,musculação,45.9,45.9,216.86,Não,27.3,10.6,2022-11-13,ativa,16.7,1224
46,outro,5,futebol,78.1,390.5,128.02,Não,11.5,29.7,2021-11-18,atleta,-18.2,1584
63,outro,4,musculação,26.6,247.5,185.37,Sim,25.9,16.9,2021-03-17,sedentária,9.0,1830
44,masculino,3,yoga,70.1,247.5,288.43,Sim,30.8,32.9,2020-10-17,ativa,-2.1,1981
47,outro,3,musculação,25.3,75.9,221.4,Não,17.0,15.7,2024-05-07,ativa,1.3,683
36,outro,0,natação,105.6,0.0,53.2,Não,36.7,33.3,2024-03-02,sedentária,3.4,749
29,masculino,4,musculação,91.0,364.0,91.91,Não,28.7,21.9,2024-01-12,ativa,6.8,799
50,feminino,3,cardio,28.3,84.9,155.83,Não,15.4,24.8,2023-11-06,ativa,-9.4,866
44,feminino,0,cardio,32.0,0.0,70.31,Não,22.6,23.5,2025-03-25,sedentária,-0.9,361
46,masculino,0,musculação,24.6,0.0,201.72,Não,38.4,19.5,2024-07-07,sedentária,18.9,622
60,masculino,4,musculação,74.2,296.8,190.54,Não,27.8,34.3,2023-05-03,ativa,-6.5,1053
18,outro,3,yoga,119.7,359.1,100.45,Sim,35.2,32.5,2022-12-23,ativa,2.7,1184
28,feminino,7,cardio,39.9,279.3,192.94,Não,26.0,23.9,2024-03-10,atleta,2.1,741
29,feminino,6,yoga,76.9,461.4,192.39,Não,24.9,29.3,2023-06-23,atleta,-4.4,1002
55,masculino,1,yoga,60.7,60.7,50.63,Sim,31.5,15.8,2023-07-07,ativa,15.7,988
34,feminino,1,futebol,70.1,247.5,158.85,Não,26.7,22.2,2025-06-16,ativa,4.5,278
57,outro,7,musculação,51.3,359.1,188.9,Não,36.0,36.2,2025-06-23,atleta,-0.2,271
58,feminino,3,yoga,116.1,348.3,107.6,Não,23.5,29.1,2022-01-05,ativa,-5.6,1536
28,masculino,7,cardio,88.4,618.8,84.13,Sim,14.7,29.9,2020-02-03,atleta,-15.2,2238
62,feminino,4,futebol,38.3,153.2,58.6,Não,16.8,34.8,2022-02-19,ativa,-18.0,1491
20,feminino,4,musculação,51.2,247.5,231.46,Não,27.3,32.0,2021-12-09,sedentária,-4.7,1563
54,masculino,3,yoga,117.4,352.2,144.04,Sim,36.5,11.2,2023-09-08,ativa,25.3,925
21,outro,1,yoga,62.9,62.9,290.53,Não,27.9,17.0,2023-02-16,ativa,10.9,1129
48,masculino,2,natação,84.0,168.0,131.05,Sim,14.9,28.7,2022-06-25,ativa,-13.8,1365
63,feminino,1,crossfit,104.4,104.4,146.11,Não,30.4,39.3,2021-12-31,ativa,-8.9,1541
18,outro,6,musculação,28.5,171.0,141.0,Sim,39.2,32.0,2020-01-19,atleta,7.2,2253
39,feminino,7,cardio,99.1,693.7,87.44,Sim,33.2,34.9,2023-02-26,atleta,-1.7,1119
45,outro,4,yoga,48.7,247.5,281.39,Não,22.4,17.3,2021-05-04,sedentária,5.1,1782
25,outro,7,cardio,32.0,224.0,219.93,Não,33.3,10.8,2022-08-16,atleta,22.5,1313
23,masculino,5,musculação,105.9,529.5,146.03,Sim,14.1,36.7,2022-12-15,atleta,-22.6,1192
56,outro,3,musculação,38.6,115.8,130.51,Não,25.4,39.4,2023-08-28,ativa,-14.0,936
63,masculino,3,crossfit,49.8,149.4,278.02,Sim,24.0,20.8,2020-04-02,ativa,3.2,2179
23,outro,7,natação,70.1,490.7,130.71,Sim,34.1,11.7,2021-03-30,atleta,22.4,1817
20,masculino,7,cardio,98.2,687.4,80.46,Sim,20.1,32.4,2025-01-27,atleta,-12.3,418
64,masculino,5,cardio,36.4,182.0,235.15,Sim,30.3,20.9,2022-04-03,atleta,9.4,1448
23,feminino,2,crossfit,101.9,203.8,224.59,Não,20.6,13.5,2021-02-08,ativa,7.1,1867
31,outro,5,crossfit,32.2,161.0,84.23,Sim,33.7,22.4,2025-06-04,atleta,11.3,290
51,masculino,2,futebol,31.1,62.2,269.84,Sim,34.7,30.8,2021-03-05,ativa,3.9,1842
47,feminino,1,crossfit,29.5,29.5,265.65,Não,24.7,13.2,2024-01-02,ativa,11.5,809
19,feminino,3,musculação,57.4,172.2,147.47,Não,32.8,36.1,2020-09-06,ativa,-3.3,2022
24,masculino,6,crossfit,57.4,344.4,250.42,Sim,39.7,10.1,2022-06-02,atleta,29.6,1388
44,masculino,2,crossfit,99.4,198.8,159.3,Não,36.1,36.1,2022-06-08,ativa,0.0,1382
46,feminino,2,cardio,70.1,247.5,87.18,Sim,23.1,33.1,2021-12-22,ativa,-10.0,1550
54,outro,1,musculação,65.2,65.2,186.86,Sim,10.8,31.5,2025-04-11,ativa,-20.7,344
41,feminino,5,futebol,41.9,209.5,241.15,Não,16.0,13.7,2022-01-16,atleta,2.3,1525
64,masculino,4,musculação,29.1,116.4,107.78,Não,39.2,39.1,2020-04-05,ativa,0.1,2176
53,masculino,7,cardio,41.5,290.5,202.95,Não,25.2,27.8,2025-05-28,atleta,-2.6,297
29,feminino,3,musculação,22.9,68.7,243.65,Sim,21.6,12.6,2025-03-03,ativa,9.0,383
21,outro,3,musculação,88.2,264.6,89.44,Sim,30.4,38.2,2025-08-17,ativa,-7.8,216
49,feminino,3,yoga,61.6,184.8,184.45,Sim,10.8,36.1,2021-10-13,ativa,-25.3,1620
61,feminino,5,cardio,96.2,481.0,127.75,Sim,15.0,26.1,2023-10-25,atleta,-11.1,878
42,outro,5,yoga,79.0,395.0,294.89,Sim,38.8,37.9,2022-11-30,atleta,0.9,1207
58,outro,1,futebol,86.8,86.8,195.43,Sim,29.3,37.3,2025-01-01,ativa,-8.0,444
35,masculino,5,musculação,108.4,542.0,127.05,Não,37.9,39.0,2021-06-16,atleta,-1.1,1739
40,feminino,4,yoga,92.9,247.5,57.29,Sim,37.6,20.1,2021-03-31,sedentária,17.5,1816
47,feminino,1,futebol,63.8,63.8,291.25,Não,34.7,31.2,2020-10-15,ativa,3.5,1983
50,feminino,4,musculação,32.4,129.6,211.82,Sim,12.7,31.2,2020-05-05,ativa,-18.5,2146
30,feminino,5,crossfit,119.8,599.0,115.92,Não,26.2,38.0,2024-12-25,atleta,-11.8,451
50,masculino,0,musculação,113.9,0.0,236.8,Sim,28.9,34.7,2020-07-02,sedentária,-5.8,2088
55,masculino,1,yoga,41.9,41.9,128.05,Sim,28.4,35.2,2023-12-10,ativa,-6.8,832
26,masculino,6,crossfit,54.4,326.4,208.25,Sim,19.5,38.6,2023-02-04,atleta,-19.1,1141
60,feminino,3,futebol,78.8,236.4,136.65,Não,23.4,38.6,2024-10-15,ativa,-15.2,522
34,outro,1,yoga,107.8,107.8,61.45,Não,39.0,13.3,2025-07-03,ativa,25.7,261
21,masculino,1,cardio,100.5,100.5,60.67,Sim,37.0,19.2,2024-09-23,ativa,17.8,544
42,outro,1,natação,65.1,65.1,231.76,Não,16.3,23.3,2022-12-19,ativa,-7.0,1188
45,outro,0,cardio,70.1,247.5,57.23,Não,39.8,13.5,2021-03-12,sedentária,26.3,1835
37,outro,4,musculação,93.4,247.5,276.9,Não,33.6,26.1,2020-10-08,sedentária,7.5,1990
37,masculino,4,futebol,22.1,88.4,257.04,Sim,17.2,33.3,2022-01-11,ativa,-16.1,1530
50,masculino,4,yoga,72.8,247.5,241.19,Não,37.9,32.9,2025-02-08,sedentária,5.0,406
21,outro,6,natação,63.8,382.8,101.13,Não,21.2,21.1,2021-09-24,atleta,0.1,1639
55,outro,6,futebol,119.1,714.6,285.98,Sim,30.0,30.9,2021-12-01,atleta,-0.9,1571
51,masculino,3,natação,30.4,91.2,120.98,Não,10.2,10.8,2023-05-26,ativa,-0.6,1030
50,masculino,5,natação,105.3,526.5,75.43,Não,32.8,25.3,2022-03-12,atleta,7.5,1470
28,masculino,0,cardio,63.9,0.0,156.88,Sim,33.5,37.1,2020-10-31,sedentária,-3.6,1967
36,masculino,2,futebol,106.0,212.0,71.42,Sim,38.0,22.4,2022-05-12,ativa,15.6,1409
35,feminino,7,musculação,34.3,240.1,182.55,Sim,39.7,14.3,2021-10-24,atleta,25.4,1609
58,masculino,2,futebol,23.5,47.0,265.13,Sim,39.0,12.6,2020-11-05,ativa,26.4,1962
25,feminino,2,musculação,30.3,60.6,298.5,Não,18.0,12.9,2025-06-07,ativa,5.1,287
64,outro,5,yoga,50.8,254.0,165.64,Sim,32.5,29.0,2023-04-04,atleta,3.5,1082
23,feminino,2,yoga,70.1,247.5,244.27,Não,10.4,25.8,2025-06-14,ativa,-15.4,280
51,outro,6,natação,80.9,485.4,217.49,Sim,36.9,11.2,2023-05-05,atleta,25.7,1051
33,feminino,1,musculação,118.2,118.2,257.47,Sim,37.9,12.5,2021-01-06,ativa,25.4,1900
25,feminino,6,yoga,77.2,463.2,180.16,Sim,36.1,35.7,2021-12-16,atleta,0.4,1556
30,feminino,4,musculação,40.5,162.0,188.53,Não,26.7,26.4,2020-01-14,ativa,0.3,2258
19,outro,1,musculação,43.5,43.5,170.74,Não,22.5,37.9,2023-11-07,ativa,-15.4,865
47,outro,6,musculação,70.1,247.5,236.98,Sim,18.8,20.3,2022-12-16,atleta,-1.5,1191
45,masculino,0,crossfit,63.4,0.0,94.61,Não,18.9,20.3,2023-09-28,sedentária,-1.4,905
30,feminino,7,cardio,43.1,301.7,255.28,Não,19.5,30.3,2021-02-13,atleta,-10.8,1862
44,outro,7,futebol,20.9,146.3,141.86,Sim,24.5,37.5,2025-04-10,atleta,-13.0,345
46,feminino,4,musculação,89.4,247.5,180.94,Não,35.7,14.9,2024-02-28,sedentária,20.8,752
38,masculino,7,musculação,26.3,184.1,216.95,Não,25.6,26.7,2022-08-01,atleta,-1.1,1328
52,outro,1,musculação,25.8,25.8,243.81,Sim,17.1,26.2,2021-01-15,ativa,-9.1,1891
38,masculino,2,yoga,83.4,166.8,246.21,Não,12.9,34.4,2023-10-22,ativa,-21.5,881
55,outro,5,cardio,78.9,394.5,186.73,Não,24.2,30.8,2023-05-04,atleta,-6.6,1052
23,outro,4,crossfit,117.5,470.0,256.28,Não,32.8,15.9,2022-02-21,ativa,16.9,1489
44,feminino,2,yoga,88.5,177.0,291.21,Sim,27.8,37.1,2022-07-10,ativa,-9.3,1350
52,outro,7,crossfit,107.4,751.8,107.13,Não,35.1,11.1,2024-01-05,atleta,24.0,806
24,masculino,5,natação,97.3,486.5,282.92,Sim,15.9,18.9,2022-11-15,atleta,-3.0,1222
51,masculino,7,cardio,39.0,273.0,86.23,Sim,23.0,36.6,2022-08-08,atleta,-13.6,1321
23,masculino,5,futebol,95.8,479.0,52.06,Não,35.9,29.5,2022-08-26,atleta,6.4,1303
21,masculino,0,crossfit,107.8,0.0,227.68,Sim,15.2,16.2,2023-10-04,sedentária,-1.0,899
37,feminino,0,cardio,48.1,0.0,57.76,Não,14.2,16.0,2020-07-15,sedentária,-1.8,2075
62,feminino,4,cardio,59.2,236.8,208.58,Sim,34.0,19.0,2021-10-07,ativa,15.0,1626
62,feminino,4,yoga,41.6,166.4,211.62,Não,33.7,32.4,2021-07-23,ativa,1.3,1702
54,masculino,5,musculação,102.3,511.5,289.24,Não,35.0,28.4,2021-06-15,atleta,6.6,1740
47,masculino,3,futebol,41.8,125.4,207.34,Não,29.4,10.5,2021-05-06,ativa,18.9,1780
50,outro,0,yoga,114.0,0.0,261.31,Sim,27.3,22.8,2022-07-13,sedentária,4.5,1347
27,feminino,0,crossfit,70.3,0.0,287.21,Sim,32.7,19.8,2025-02-13,sedentária,12.9,401
42,outro,6,cardio,112.0,672.0,235.02,Não,10.3,32.6,2023-12-22,atleta,-22.3,820
55,outro,2,yoga,79.5,159.0,154.35,Não,13.8,20.7,2022-11-18,ativa,-6.9,1219
22,outro,7,futebol,36.4,254.8,138.39,Não,25.4,29.6,2020-09-29,atleta,-4.2,1999
54,feminino,4,yoga,22.6,90.4,100.77,Sim,30.5,28.9,2021-12-20,ativa,1.6,1552
30,feminino,4,musculação,51.1,247.5,93.72,Não,10.2,21.1,2023-06-06,sedentária,-10.9,1019
33,masculino,0,yoga,70.1,247.5,161.36,Sim,30.4,16.6,2024-04-29,sedentária,13.8,691
64,outro,3,yoga,105.7,317.1,299.15,Não,32.7,29.0,2020-04-16,ativa,3.7,2165
18,masculino,2,yoga,70.9,141.8,126.44,Não,22.0,14.8,2021-05-30,ativa,7.2,1756
31,feminino,7,yoga,31.9,223.3,249.11,Não,21.1,28.5,2021-04-29,atleta,-7.4,1787
53,masculino,0,futebol,95.2,0.0,95.18,Sim,19.8,33.5,2025-01-15,sedentária,-13.7,430
47,outro,5,musculação,48.8,244.0,154.48,Sim,21.4,24.8,2022-08-29,atleta,-3.4,1300
50,masculino,4,cardio,116.5,247.5,155.08,Sim,12.1,24.8,2021-01-01,sedentária,-12.7,1905
44,masculino,0,yoga,116.2,0.0,214.06,Não,15.9,25.7,2022-06-02,sedentária,-9.8,1388
57,feminino,5,futebol,75.6,378.0,186.43,Não,33.2,26.9,2020-11-05,atleta,6.3,1962
32,outro,5,cardio,65.5,327.5,130.27,Sim,38.9,32.2,2021-07-08,atleta,6.7,1717
64,masculino,3,crossfit,74.8,224.4,236.6,Sim,13.5,21.0,2024-06-24,ativa,-7.5,635
46,outro,2,natação,119.8,239.6,139.93,Não,33.1,11.0,2025-03-29,ativa,22.1,357
49,masculino,7,cardio,46.3,324.1,93.79,Sim,19.2,34.2,2025-04-09,atleta,-15.0,346
36,outro,3,crossfit,102.9,308.7,166.81,Sim,22.8,25.1,2022-10-23,ativa,-2.3,1245
51,outro,4,futebol,32.6,247.5,240.89,Não,27.3,36.5,2020-12-30,sedentária,-9.2,1907
22,feminino,0,musculação,37.6,0.0,188.4,Sim,23.3,12.3,2023-07-06,sedentária,11.0,989
41,outro,4,futebol,45.3,181.2,282.12,Sim,31.1,29.7,2023-03-17,ativa,1.4,1100
22,feminino,1,futebol,64.7,64.7,250.65,Não,32.2,39.7,2025-02-01,ativa,-7.5,413
40,masculino,3,cardio,100.1,300.3,193.95,Não,13.6,38.7,2020-10-13,ativa,-25.1,1985
30,outro,0,crossfit,51.8,0.0,131.04,Não,31.7,34.7,2024-09-09,sedentária,-3.0,558
37,masculino,6,futebol,99.6,597.6,139.99,Não,25.3,12.2,2025-08-23,atleta,13.1,210
54,feminino,6,cardio,90.9,545.4,270.09,Não,35.5,32.6,2025-08-08,atleta,2.9,225
18,masculino,2,yoga,99.8,199.6,89.54,Não,17.4,19.9,2021-07-02,ativa,-2.5,1723
42,outro,6,cardio,70.1,247.5,186.22,Não,21.9,19.5,2022-04-17,atleta,2.4,1434
57,masculino,3,cardio,117.9,353.7,92.36,Sim,36.5,11.3,2023-11-06,ativa,25.2,866
24,outro,4,crossfit,73.9,247.5,109.61,Sim,37.3,24.1,2020-10-17,sedentária,13.2,1981
42,outro,3,musculação,79.1,237.3,81.12,Não,12.6,19.2,2020-12-20,ativa,-6.6,1917
38,outro,0,cardio,104.0,0.0,153.38,Não,10.4,22.9,2025-01-21,sedentária,-12.5,424
51,outro,0,yoga,84.1,0.0,147.86,Não,34.2,27.7,2020-08-03,sedentária,6.5,2056
62,outro,5,crossfit,78.8,394.0,111.2,Sim,23.8,12.3,2020-06-21,atleta,11.5,2099
23,feminino,2,crossfit,69.9,139.8,274.24,Não,30.4,29.2,2021-08-27,ativa,1.2,1667
38,feminino,1,cardio,27.5,27.5,226.7,Sim,24.5,11.3,2020-01-28,ativa,13.2,2244
22,feminino,5,musculação,32.6,163.0,55.47,Não,35.5,34.9,2020-04-05,atleta,0.6,2176
57,outro,1,futebol,49.2,49.2,186.83,Sim,15.7,26.8,2020-11-04,ativa,-11.1,1963
48,outro,5,musculação,57.4,287.0,200.31,Não,32.0,12.4,2024-09-22,atleta,19.6,545
24,masculino,5,crossfit,64.8,324.0,182.39,Sim,19.1,16.1,2022-01-24,atleta,3.0,1517
46,outro,1,yoga,76.2,76.2,170.44,Sim,38.6,11.9,2022-10-15,ativa,26.7,1253
38,feminino,4,futebol,54.9,219.6,245.03,Sim,15.5,18.3,2023-04-16,ativa,-2.8,1070
55,masculino,4,yoga,31.7,126.8,125.74,Sim,29.1,36.0,2021-10-28,ativa,-6.9,1605
19,feminino,2,cardio,98.9,197.8,249.12,Sim,15.3,21.6,2020-03-16,ativa,-6.3,2196
46,masculino,5,musculação,85.4,427.0,248.18,Não,11.4,12.5,2022-09-02,atleta,-1.1,1296
59,feminino,1,cardio,114.4,114.4,242.16,Sim,33.7,18.4,2025-07-13,ativa,15.3,251
23,feminino,4,natação,70.1,247.5,209.11,Não,25.2,31.7,2021-07-16,ativa,-6.5,1709
55,outro,5,musculação,70.1,247.5,78.44,Sim,26.1,20.1,2023-08-11,atleta,6.0,953
43,outro,0,yoga,87.2,0.0,210.79,Sim,28.1,35.8,2022-07-18,sedentária,-7.7,1342
18,masculino,1,crossfit,34.2,34.2,286.81,Sim,21.8,31.7,2020-10-02,ativa,-9.9,1996
19,outro,2,crossfit,74.9,149.8,80.3,Sim,27.8,37.3,2020-07-24,ativa,-9.5,2066
40,masculino,5,cardio,83.5,417.5,206.05,Não,38.3,16.5,2020-06-12,atleta,21.8,2108
34,feminino,2,crossfit,92.5,185.0,278.7,Não,37.8,16.6,2025-07-06,ativa,21.2,258
22,feminino,2,natação,109.6,219.2,85.12,Sim,38.0,23.5,2025-05-15,ativa,14.5,310
48,outro,5,yoga,111.8,559.0,219.26,Não,18.0,22.4,2021-11-14,atleta,-4.4,1588
52,outro,5,natação,65.5,327.5,88.36,Não,12.1,35.8,2025-05-21,atleta,-23.7,304
20,masculino,1,cardio,61.1,61.1,193.99,Sim,14.5,13.5,2023-06-05,ativa,1.0,1020
57,feminino,4,natação,53.6,247.5,233.01,Sim,26.4,30.9,2025-02-10,sedentária,-4.5,404
59,masculino,4,cardio,78.1,312.4,112.84,Sim,27.5,39.0,2024-03-29,ativa,-11.5,722
60,outro,6,natação,107.6,645.6,280.65,Sim,10.3,37.1,2023-01-03,atleta,-26.8,1173
61,feminino,4,cardio,77.5,310.0,94.6,Sim,38.1,27.3,2024-04-29,ativa,10.8,691
45,masculino,4,natação,58.6,234.4,153.49,Sim,28.3,23.3,2022-07-26,ativa,5.0,1334
54,masculino,2,futebol,29.2,58.4,268.56,Sim,11.6,29.1,2022-02-23,ativa,-17.5,1487
40,masculino,7,cardio,72.7,508.9,95.03,Não,34.3,22.9,2023-07-11,atleta,11.4,984
35,masculino,4,cardio,58.6,234.4,266.8,Não,19.6,17.1,2020-10-26,ativa,2.5,1972
23,feminino,4,yoga,99.1,396.4,119.22,Sim,11.8,26.9,2022-08-27,ativa,-15.1,1302
27,outro,5,futebol,84.3,421.5,206.49,Sim,29.9,38.4,2020-08-14,atleta,-8.5,2045
62,masculino,0,futebol,39.4,0.0,189.92,Sim,35.8,35.1,2023-03-12,sedentária,0.7,1105
43,masculino,5,crossfit,81.4,407.0,94.98,Sim,27.0,20.3,2020-03-04,atleta,6.7,2208
33,masculino,1,crossfit,49.5,49.5,241.73,Não,17.7,13.8,2020-03-20,ativa,3.9,2192
58,outro,2,futebol,66.1,132.2,114.23,Não,25.4,38.2,2022-04-24,ativa,-12.8,1427
28,outro,6,cardio,78.9,473.4,94.27,Sim,26.9,16.8,2025-07-05,atleta,10.1,259
59,masculino,3,natação,27.6,82.8,230.26,Não,14.2,11.6,2022-10-30,ativa,2.6,1238
64,feminino,7,cardio,41.5,290.5,190.1,Sim,20.3,33.0,2022-12-01,atleta,-12.7,1206
29,masculino,0,musculação,45.2,0.0,210.98,Não,19.1,39.5,2021-05-04,sedentária,-20.4,1782
38,feminino,2,natação,112.4,224.8,76.19,Não,33.9,12.2,2021-10-23,ativa,21.7,1610
46,masculino,4,cardio,90.1,247.5,92.65,Não,27.9,23.6,2023-04-17,sedentária,4.3,1069
34,masculino,4,natação,30.2,120.8,135.99,Não,37.3,31.6,2021-04-30,ativa,5.7,1786
36,masculino,0,yoga,68.2,0.0,205.06,Não,21.7,24.5,2023-11-17,sedentária,-2.8,855
55,feminino,3,natação,27.7,83.1,92.31,Sim,23.8,13.9,2021-08-10,ativa,9.9,1684
35,outro,4,natação,105.2,420.8,237.46,Sim,24.4,35.7,2025-07-28,ativa,-11.3,236
62,masculino,5,musculação,46.1,230.5,205.0,Sim,36.1,26.8,2023-06-02,atleta,9.3,1023
42,outro,4,musculação,83.1,332.4,261.27,Sim,38.3,30.8,2025-07-14,ativa,7.5,250
59,masculino,4,musculação,91.3,247.5,99.3,Não,23.5,33.7,2025-04-10,sedentária,-10.2,345
48,masculino,0,futebol,37.8,0.0,207.18,Sim,19.3,19.3,2022-08-30,sedentária,0.0,1299
40,masculino,2,futebol,79.4,158.8,96.77,Sim,17.6,29.2,2022-08-30,ativa,-11.6,1299
34,outro,3,futebol,105.8,317.4,220.18,Não,24.7,28.2,2025-08-22,ativa,-3.5,211
50,feminino,2,natação,86.4,172.8,181.14,Não,39.6,18.1,2021-10-12,ativa,21.5,1621
62,masculino,3,yoga,52.8,158.4,215.53,Não,37.3,16.4,2022-02-05,ativa,20.9,1505
42,feminino,1,yoga,36.7,36.7,73.21,Sim,30.6,38.7,2022-03-17,ativa,-8.1,1465
41,feminino,5,musculação,111.6,558.0,51.91,Sim,30.5,25.9,2022-04-07,atleta,4.6,1444
28,outro,1,musculação,42.4,42.4,99.7,Não,20.5,24.4,2020-01-14,ativa,-3.9,2258
54,masculino,4,yoga,27.6,247.5,197.23,Não,39.6,29.0,2025-02-12,sedentária,10.6,402
47,masculino,5,natação,100.6,503.0,269.75,Sim,32.1,12.2,2025-05-31,atleta,19.9,294
63,outro,3,natação,22.5,67.5,112.26,Sim,22.4,18.9,2021-04-16,ativa,3.5,1800
47,outro,4,musculação,71.3,285.2,278.31,Sim,35.9,31.2,2020-01-05,ativa,4.7,2267
37,outro,5,cardio,42.4,212.0,173.11,Não,22.3,35.3,2024-09-02,atleta,-13.0,565
35,feminino,4,futebol,108.1,247.5,295.14,Não,36.2,17.0,2021-01-30,sedentária,19.2,1876
62,masculino,7,crossfit,59.9,419.3,220.76,Não,15.5,23.8,2024-12-29,atleta,-8.3,447
31,outro,0,crossfit,104.0,0.0,147.97,Sim,13.6,10.8,2022-08-20,sedentária,2.8,1309
49,outro,7,yoga,35.1,245.7,254.22,Sim,32.0,19.1,2024-07-11,atleta,12.9,618
52,feminino,2,yoga,89.8,179.6,106.93,Não,13.5,39.1,2024-11-16,ativa,-25.6,490
61,feminino,1,yoga,78.1,78.1,132.26,Sim,20.5,13.4,2022-11-14,ativa,7.1,1223
24,masculino,3,crossfit,109.0,327.0,153.33,Não,24.6,19.9,2023-04-21,ativa,4.7,1065
27,feminino,2,crossfit,80.8,161.6,156.16,Não,26.7,35.4,2020-07-31,ativa,-8.7,2059
25,outro,7,musculação,39.4,275.8,277.95,Sim,14.0,27.0,2024-08-16,atleta,-13.0,582
62,masculino,5,cardio,87.8,439.0,242.24,Não,27.5,35.8,2025-06-12,atleta,-8.3,282
64,feminino,1,natação,89.3,89.3,260.35,Não,36.2,35.2,2023-08-29,ativa,1.0,935
23,feminino,4,musculação,56.5,226.0,54.64,Sim,25.3,28.3,2025-02-19,ativa,-3.0,395
52,feminino,1,yoga,113.3,113.3,242.75,Não,10.5,10.8,2020-07-11,ativa,-0.3,2079
21,masculino,4,cardio,78.0,312.0,234.91,Sim,13.0,26.7,2023-11-25,ativa,-13.7,847
53,feminino,4,cardio,65.7,262.8,92.36,Não,12.5,22.0,2021-11-16,ativa,-9.5,1586
53,outro,7,futebol,70.1,247.5,256.47,Não,32.4,31.3,2021-08-04,atleta,1.1,1690
49,masculino,4,futebol,69.1,276.4,284.31,Sim,16.4,17.0,2024-08-18,ativa,-0.6,580
50,feminino,5,yoga,23.6,118.0,56.64,Não,31.8,37.6,2024-11-21,atleta,-5.8,485
39,masculino,1,yoga,88.5,88.5,184.34,Sim,11.9,16.6,2020-02-13,ativa,-4.7,2228
20,masculino,3,yoga,51.1,153.3,215.64,Não,37.5,25.6,2023-05-29,ativa,11.9,1027
64,outro,6,futebol,40.2,241.2,171.4,Não,17.7,16.6,2024-09-28,atleta,1.1,539
26,outro,7,natação,68.9,482.3,160.86,Sim,24.9,14.6,2022-10-17,atleta,10.3,1251
29,feminino,1,cardio,72.4,72.4,122.53,Não,12.5,22.6,2023-08-18,ativa,-10.1,946
51,outro,5,musculação,34.4,172.0,239.33,Sim,25.9,17.6,2021-01-28,atleta,8.3,1878
18,feminino,1,futebol,110.8,110.8,247.63,Sim,21.5,26.0,2024-05-23,ativa,-4.5,667
43,feminino,4,yoga,70.1,247.5,154.89,Sim,24.6,39.7,2024-10-19,ativa,-15.1,518
29,masculino,4,natação,48.6,247.5,279.82,Sim,17.3,33.2,2024-10-05,sedentária,-15.9,532
24,outro,2,musculação,85.6,171.2,81.0,Sim,38.3,17.4,2022-03-22,ativa,20.9,1460
49,feminino,2,crossfit,21.7,43.4,188.92,Não,19.2,19.0,2023-08-27,ativa,0.2,937
51,feminino,1,musculação,28.0,28.0,129.37,Sim,15.8,34.0,2025-04-08,ativa,-18.2,347
35,outro,7,cardio,108.7,760.9,99.64,Sim,26.3,17.4,2022-02-19,atleta,8.9,1491
62,masculino,5,musculação,77.2,386.0,245.16,Sim,10.0,19.3,2023-03-17,atleta,-9.3,1100
32,outro,4,natação,21.0,84.0,57.3,Não,25.3,27.7,2022-07-06,ativa,-2.4,1354
19,feminino,3,crossfit,40.9,122.7,177.92,Sim,28.5,20.4,2023-05-26,ativa,8.1,1030
58,feminino,4,yoga,104.1,247.5,142.1,Não,30.5,37.7,2022-06-26,sedentária,-7.2,1364
31,masculino,0,cardio,82.7,0.0,112.67,Sim,15.7,38.3,2022-07-02,sedentária,-22.6,1358
39,outro,4,yoga,24.2,96.8,123.56,Sim,26.5,31.0,2021-09-15,ativa,-4.5,1648
18,feminino,1,natação,93.3,93.3,214.31,Sim,12.7,18.9,2025-02-17,ativa,-6.2,397
42,masculino,5,natação,35.1,175.5,206.81,Não,38.4,19.9,2025-03-15,atleta,18.5,371
63,feminino,1,crossfit,59.5,59.5,100.44,Sim,16.5,26.8,2021-04-24,ativa,-10.3,1792
55,outro,4,crossfit,82.0,328.0,122.53,Não,10.3,26.1,2022-03-29,ativa,-15.8,1453
48,masculino,1,musculação,35.9,35.9,200.48,Não,34.6,39.5,2022-10-23,ativa,-4.9,1245
22,outro,4,futebol,111.8,447.2,61.18,Sim,16.9,36.1,2022-09-12,ativa,-19.2,1286
45,masculino,3,cardio,99.6,298.8,210.95,Sim,15.1,13.6,2021-12-14,ativa,1.5,1558
55,outro,7,natação,20.2,141.4,78.34,Sim,25.0,20.5,2021-08-22,atleta,4.5,1672
54,feminino,1,yoga,30.8,30.8,123.65,Não,38.5,28.9,2021-09-06,ativa,9.6,1657
57,masculino,7,yoga,30.7,214.9,239.93,Não,39.8,14.1,2023-11-16,atleta,25.7,856
62,outro,3,yoga,21.9,65.7,100.09,Sim,22.9,20.6,2024-02-01,ativa,2.3,779
55,feminino,1,cardio,39.7,39.7,248.33,Sim,35.6,17.8,2021-08-17,ativa,17.8,1677
31,outro,0,cardio,75.3,0.0,291.19,Não,39.0,36.8,2022-10-03,sedentária,2.2,1265
21,outro,4,cardio,70.9,283.6,157.23,Sim,34.4,37.3,2020-02-29,ativa,-2.9,2212
49,feminino,3,cardio,71.7,215.1,165.98,Sim,36.0,38.8,2021-11-25,ativa,-2.8,1577
25,feminino,7,natação,52.0,364.0,186.95,Sim,27.9,22.6,2025-05-21,atleta,5.3,304
44,feminino,4,futebol,74.1,296.4,71.54,Não,30.6,13.3,2024-10-03,ativa,17.3,534
23,outro,0,musculação,61.5,0.0,225.59,Não,21.3,29.3,2020-11-29,sedentária,-8.0,1938
41,outro,5,musculação,75.8,379.0,131.03,Sim,26.4,15.8,2022-02-28,atleta,10.6,1482
19,outro,0,natação,25.0,0.0,169.4,Sim,20.8,36.9,2023-01-20,sedentária,-16.1,1156
44,feminino,5,natação,20.9,104.5,107.01,Sim,25.0,12.5,2020-07-27,atleta,12.5,2063
18,feminino,5,futebol,95.2,476.0,68.11,Não,23.8,35.9,2021-02-01,atleta,-12.1,1874
43,masculino,2,crossfit,49.7,99.4,236.46,Sim,25.9,30.3,2022-07-24,ativa,-4.4,1336
59,masculino,1,natação,87.5,87.5,143.76,Não,20.0,10.0,2021-06-09,ativa,10.0,1746
33,feminino,3,crossfit,115.6,346.8,173.89,Sim,18.4,26.8,2020-10-26,ativa,-8.4,1972
50,masculino,1,crossfit,108.5,108.5,82.22,Não,36.6,38.1,2025-04-23,ativa,-1.5,332
48,feminino,1,yoga,47.1,47.1,93.96,Não,35.9,39.6,2024-10-29,ativa,-3.7,508
47,feminino,2,yoga,100.3,200.6,163.96,Sim,24.3,37.2,2022-04-12,ativa,-12.9,1439
22,masculino,2,natação,99.2,198.4,136.45,Não,39.6,32.6,2021-05-11,ativa,7.0,1775
52,outro,4,crossfit,24.3,97.2,205.15,Sim,29.2,29.0,2021-06-08,ativa,0.2,1747
63,masculino,4,cardio,112.2,448.8,120.1,Não,23.1,14.4,2023-11-11,ativa,8.7,861
40,outro,4,musculação,70.1,247.5,54.78,Sim,24.2,25.3,2020-04-06,sedentária,-1.1,2175
28,feminino,6,natação,32.8,196.8,201.02,Não,15.8,32.3,2021-10-02,atleta,-16.5,1631
44,outro,5,futebol,97.1,485.5,172.53,Sim,20.0,39.6,2025-07-07,atleta,-19.6,257
23,feminino,5,futebol,116.9,584.5,110.08,Não,10.9,24.7,2021-01-02,atleta,-13.8,1904
52,masculino,2,crossfit,61.4,122.8,219.5,Sim,32.3,15.2,2021-08-01,ativa,17.1,1693
40,feminino,0,cardio,103.8,0.0,227.72,Sim,10.4,15.1,2024-11-07,sedentária,-4.7,499
57,feminino,1,cardio,36.2,36.2,217.17,Não,14.6,24.9,2021-04-09,ativa,-10.3,1807
58,feminino,6,cardio,37.8,226.8,65.33,Não,22.9,12.9,2024-04-22,atleta,10.0,698
23,feminino,7,natação,104.3,730.1,166.02,Sim,12.9,30.8,2022-01-28,atleta,-17.9,1513
45,masculino,1,yoga,83.5,83.5,295.1,Não,29.6,30.3,2022-07-03,ativa,-0.7,1357
57,masculino,4,yoga,70.1,247.5,105.98,Não,33.8,36.4,2021-02-25,ativa,-2.6,1850
29,feminino,4,cardio,70.1,247.5,156.43,Sim,18.7,18.2,2020-01-28,ativa,0.5,2244
26,masculino,5,futebol,46.6,233.0,270.48,Não,39.1,36.8,2021-02-04,atleta,2.3,1871
35,feminino,6,yoga,30.8,184.8,186.99,Não,11.9,24.5,2022-03-05,atleta,-12.6,1477
36,outro,4,natação,114.1,456.4,282.77,Sim,20.2,22.6,2021-12-19,ativa,-2.4,1553
46,outro,6,natação,69.1,414.6,79.49,Sim,24.3,14.8,2021-08-18,atleta,9.5,1676
40,masculino,7,natação,102.2,715.4,235.15,Não,10.3,24.8,2023-02-26,atleta,-14.5,1119
42,feminino,4,natação,45.7,182.8,152.86,Não,12.6,19.7,2024-11-28,ativa,-7.1,478
50,feminino,7,musculação,102.8,719.6,206.15,Sim,10.9,39.9,2023-12-17,atleta,-29.0,825
64,feminino,2,cardio,114.2,228.4,286.35,Não,37.0,37.4,2023-10-09,ativa,-0.4,894
22,masculino,2,yoga,94.7,189.4,251.29,Não,12.9,37.2,2021-09-26,ativa,-24.3,1637
31,masculino,0,crossfit,118.7,0.0,178.51,Não,39.1,26.3,2022-10-09,sedentária,12.8,1259
49,masculino,4,musculação,74.0,296.0,76.35,Sim,13.1,13.1,2022-04-30,ativa,0.0,1421
60,feminino,4,natação,58.6,234.4,297.83,Não,16.3,35.9,2024-05-09,ativa,-19.6,681
44,masculino,7,futebol,106.8,747.6,239.96,Sim,11.7,14.8,2025-07-06,atleta,-3.1,258
36,feminino,6,futebol,114.6,687.6,125.91,Sim,23.4,21.6,2023-08-10,atleta,1.8,954
51,masculino,4,crossfit,93.6,374.4,98.95,Não,15.2,13.6,2025-04-24,ativa,1.6,331
47,feminino,4,cardio,32.3,129.2,212.69,Não,13.9,18.6,2024-10-11,ativa,-4.7,526
53,masculino,1,yoga,85.4,85.4,214.72,Sim,26.5,11.4,2022-07-08,ativa,15.1,1352
62,outro,7,musculação,115.7,809.9,139.26,Não,20.2,12.9,2025-04-28,atleta,7.3,327
37,masculino,4,natação,116.6,466.4,155.93,Sim,31.4,11.8,2023-01-27,ativa,19.6,1149
43,outro,1,futebol,115.7,115.7,179.97,Sim,26.4,23.1,2021-05-11,ativa,3.3,1775
45,feminino,2,yoga,101.6,203.2,117.5,Não,35.0,19.9,2022-04-10,ativa,15.1,1441
37,masculino,7,yoga,74.5,521.5,233.05,Sim,39.7,36.7,2024-03-05,atleta,3.0,746
25,feminino,2,natação,27.4,54.8,223.47,Sim,25.1,37.8,2020-06-28,ativa,-12.7,2092
27,outro,4,musculação,73.7,294.8,250.33,Sim,36.2,13.2,2024-03-03,ativa,23.0,748
34,masculino,1,musculação,27.9,27.9,135.5,Não,17.3,12.9,2023-08-23,ativa,4.4,941
43,masculino,5,cardio,40.7,203.5,99.92,Sim,29.2,38.6,2024-11-19,atleta,-9.4,487
54,masculino,0,crossfit,92.6,0.0,74.3,Sim,21.8,27.4,2024-12-31,sedentária,-5.6,445
31,masculino,2,futebol,38.4,76.8,133.72,Sim,24.9,15.7,2022-10-17,ativa,9.2,1251
47,outro,5,futebol,70.1,247.5,206.18,Sim,26.6,31.8,2025-06-14,atleta,-5.2,280
62,masculino,2,musculação,95.4,190.8,99.39,Não,37.2,12.0,2023-09-26,ativa,25.2,907
47,outro,2,futebol,102.6,205.2,77.29,Não,10.2,36.6,2020-07-13,ativa,-26.4,2077
18,feminino,7,yoga,74.0,518.0,219.7,Não,23.6,25.0,2021-12-31,atleta,-1.4,1541
39,outro,6,natação,47.8,286.8,73.0,Não,25.3,15.6,2021-03-09,atleta,9.7,1838
63,outro,6,futebol,43.7,262.2,141.46,Sim,25.9,36.2,2025-09-02,atleta,-10.3,200
32,outro,4,musculação,48.6,247.5,244.14,Sim,10.8,28.4,2025-08-02,sedentária,-17.6,231
55,masculino,3,futebol,61.3,183.9,56.15,Sim,21.3,37.5,2020-10-20,ativa,-16.2,1978
28,outro,6,crossfit,87.1,522.6,156.88,Não,36.5,11.5,2021-08-07,atleta,25.0,1687
22,masculino,1,natação,93.7,93.7,231.22,Não,34.8,10.1,2022-03-22,ativa,24.7,1460
36,outro,5,natação,43.1,215.5,128.96,Sim,17.0,31.3,2021-01-14,atleta,-14.3,1892
33,outro,1,natação,104.4,104.4,280.2,Não,11.9,15.0,2021-02-01,ativa,-3.1,1874
37,feminino,2,yoga,24.9,49.8,287.33,Sim,15.7,28.3,2025-07-20,ativa,-12.6,244
57,masculino,7,cardio,119.0,833.0,213.65,Sim,15.3,24.3,2024-06-02,atleta,-9.0,657
18,feminino,0,cardio,111.9,0.0,282.4,Sim,33.2,28.7,2020-11-01,sedentária,4.5,1966
30,outro,3,yoga,55.8,167.4,227.35,Não,28.6,27.8,2020-09-11,ativa,0.8,2017
54,feminino,3,yoga,27.5,82.5,79.99,Sim,34.8,37.9,2021-09-26,ativa,-3.1,1637
44,masculino,3,yoga,106.3,318.9,199.91,Não,28.0,34.8,2022-03-02,ativa,-6.8,1480
45,feminino,2,crossfit,23.1,46.2,258.86,Não,28.8,22.9,2025-03-21,ativa,5.9,365
48,feminino,4,cardio,97.4,389.6,269.7,Sim,16.7,18.1,2024-11-10,ativa,-1.4,496
36,outro,2,natação,86.9,173.8,296.28,Sim,15.0,23.7,2020-09-16,ativa,-8.7,2012
60,feminino,1,yoga,70.1,247.5,55.86,Sim,32.7,26.5,2020-03-20,ativa,6.2,2192
37,masculino,2,futebol,111.2,222.4,115.03,Sim,11.3,20.7,2020-06-24,ativa,-9.4,2096
44,masculino,6,yoga,38.8,232.8,199.17,Não,18.4,25.6,2024-04-11,atleta,-7.2,709
59,outro,6,yoga,119.0,714.0,140.94,Sim,37.4,26.1,2022-01-28,atleta,11.3,1513
47,outro,5,natação,73.7,368.5,155.2,Sim,25.4,11.0,2021-08-30,atleta,14.4,1664
42,masculino,5,musculação,53.0,265.0,87.52,Não,34.9,36.4,2022-04-02,atleta,-1.5,1449
26,feminino,5,crossfit,70.3,351.5,264.75,Não,39.0,38.0,2023-06-21,atleta,1.0,1004
23,feminino,1,musculação,39.1,39.1,119.62,Sim,25.3,36.1,2023-10-08,ativa,-10.8,895
58,masculino,7,cardio,76.7,536.9,67.41,Não,34.6,18.5,2023-06-25,atleta,16.1,1000
50,feminino,0,crossfit,114.5,0.0,244.35,Sim,32.4,33.7,2025-04-16,sedentária,-1.3,339
19,masculino,3,cardio,70.5,211.5,189.4,Não,32.6,30.7,2020-10-21,ativa,1.9,1977
53,outro,3,musculação,33.1,99.3,113.43,Sim,38.4,39.7,2020-11-04,ativa,-1.3,1963
41,outro,3,yoga,64.1,192.3,254.29,Não,23.5,29.7,2024-06-16,ativa,-6.2,643
24,outro,4,yoga,29.9,119.6,127.39,Não,27.2,29.3,2023-08-29,ativa,-2.1,935
25,outro,6,cardio,33.7,202.2,167.28,Não,23.7,28.3,2021-06-09,atleta,-4.6,1746
64,feminino,2,yoga,102.5,205.0,255.85,Sim,15.8,11.3,2021-09-30,ativa,4.5,1633
41,masculino,4,yoga,23.8,95.2,296.55,Sim,12.9,21.7,2021-06-26,ativa,-8.8,1729
19,outro,2,natação,22.3,44.6,287.92,Não,20.1,15.1,2021-12-24,ativa,5.0,1548
33,masculino,7,musculação,118.0,826.0,167.18,Sim,12.7,37.9,2020-05-24,atleta,-25.2,2127
42,outro,0,musculação,100.8,0.0,262.13,Sim,39.3,17.7,2020-08-28,sedentária,21.6,2031
49,outro,1,natação,119.1,119.1,102.55,Não,14.3,36.5,2020-04-17,ativa,-22.2,2164
48,outro,7,musculação,49.8,348.6,276.53,Não,21.8,39.5,2025-02-18,atleta,-17.7,396
34,outro,3,natação,76.6,229.8,109.05,Sim,31.0,30.1,2025-07-24,ativa,0.9,240
55,masculino,4,crossfit,81.7,247.5,158.97,Sim,19.7,15.5,2023-07-27,sedentária,4.2,968
38,masculino,1,cardio,44.5,44.5,56.94,Sim,30.5,13.0,2022-12-31,ativa,17.5,1176
43,feminino,4,yoga,118.5,247.5,77.51,Sim,13.3,38.7,2021-11-17,sedentária,-25.4,1585
61,outro,1,cardio,47.1,47.1,227.12,Não,20.4,34.2,2024-05-05,ativa,-13.8,685
30,outro,0,yoga,32.0,0.0,60.02,Sim,38.5,15.6,2020-04-30,sedentária,22.9,2151
61,feminino,5,natação,84.3,421.5,293.74,Não,13.0,34.5,2025-01-09,atleta,-21.5,436
42,outro,0,crossfit,81.2,0.0,183.39,Não,37.0,39.0,2024-01-05,sedentária,-2.0,806
38,feminino,6,crossfit,25.8,154.8,75.77,Não,37.6,39.5,2021-12-02,atleta,-1.9,1570
20,feminino,6,musculação,59.7,358.2,228.71,Sim,31.5,33.7,2020-03-20,atleta,-2.2,2192
58,outro,1,yoga,29.2,29.2,240.01,Não,27.7,15.5,2020-01-01,ativa,12.2,2271
40,feminino,0,crossfit,89.9,0.0,277.99,Não,27.2,11.7,2020-09-08,sedentária,15.5,2020
29,outro,4,crossfit,100.3,401.2,130.92,Não,34.5,11.0,2024-02-12,ativa,23.5,768
20,feminino,6,futebol,94.2,565.2,65.2,Não,21.1,18.8,2021-02-15,atleta,2.3,1860
61,outro,4,musculação,43.4,173.6,246.39,Sim,24.2,10.6,2020-09-06,ativa,13.6,2022
54,masculino,6,musculação,63.9,383.4,157.28,Sim,21.8,37.2,2023-02-04,atleta,-15.4,1141
49,outro,0,natação,101.2,0.0,170.75,Sim,32.2,38.0,2024-10-09,sedentária,-5.8,528
25,masculino,7,futebol,82.7,578.9,289.36,Sim,22.5,17.5,2021-07-14,atleta,5.0,1711
31,feminino,3,natação,92.7,278.1,89.51,Não,10.5,29.5,2023-07-29,ativa,-19.0,966
27,feminino,3,natação,33.4,100.2,130.06,Não,10.8,35.5,2020-01-31,ativa,-24.7,2241
47,masculino,0,crossfit,115.7,0.0,241.62,Não,33.3,21.8,2023-05-16,sedentária,11.5,1040
45,outro,6,cardio,57.9,347.4,217.11,Sim,14.0,19.5,2024-11-10,atleta,-5.5,496
25,masculino,6,yoga,52.7,316.2,224.57,Sim,18.3,23.8,2023-11-28,atleta,-5.5,844
39,feminino,7,futebol,49.8,348.6,168.24,Não,32.5,19.0,2020-06-04,atleta,13.5,2116
23,masculino,5,cardio,111.3,556.5,153.2,Não,16.4,22.2,2025-01-05,atleta,-5.8,440
37,feminino,0,musculação,31.8,0.0,237.28,Sim,10.6,23.6,2021-07-29,sedentária,-13.0,1696
44,outro,0,crossfit,90.8,0.0,195.32,Sim,12.0,21.4,2024-11-06,sedentária,-9.4,500
56,masculino,4,yoga,110.3,441.2,124.85,Sim,25.4,27.2,2020-12-22,ativa,-1.8,1915
39,masculino,3,futebol,34.9,104.7,254.68,Não,12.4,12.9,2020-10-06,ativa,-0.5,1992
42,masculino,4,futebol,64.3,257.2,209.83,Sim,27.1,39.1,2023-10-29,ativa,-12.0,874
40,feminino,4,futebol,82.5,247.5,95.8,Não,38.2,18.1,2022-09-11,sedentária,20.1,1287
56,masculino,3,futebol,31.3,93.9,191.58,Sim,29.3,32.6,2023-08-13,ativa,-3.3,951
47,outro,0,futebol,88.4,0.0,266.77,Não,14.1,31.8,2021-07-16,sedentária,-17.7,1709
60,masculino,5,yoga,79.9,399.5,194.98,Sim,28.1,30.9,2020-07-27,atleta,-2.8,2063
64,feminino,7,yoga,87.8,614.6,164.24,Não,38.0,27.0,2021-07-10,atleta,11.0,1715
35,feminino,2,cardio,55.7,111.4,132.15,Sim,16.8,14.1,2024-09-10,ativa,2.7,557
38,feminino,6,crossfit,79.1,474.6,158.82,Não,38.3,23.6,2022-05-15,atleta,14.7,1406
23,feminino,0,crossfit,31.0,0.0,128.93,Não,39.1,35.6,2024-12-13,sedentária,3.5,463
57,outro,1,futebol,73.4,73.4,156.48,Sim,26.1,23.9,2021-05-22,ativa,2.2,1764
18,feminino,1,natação,65.2,65.2,117.89,Não,20.3,33.9,2021-11-08,ativa,-13.6,1594
39,outro,4,crossfit,67.0,268.0,267.12,Não,22.8,29.3,2021-11-05,ativa,-6.5,1597
33,feminino,3,yoga,90.4,271.2,100.06,Não,15.3,11.5,2020-08-03,ativa,3.8,2056
46,feminino,6,crossfit,65.6,393.6,283.75,Sim,22.6,32.1,2024-04-07,atleta,-9.5,713
43,masculino,3,crossfit,32.9,98.7,246.3,Sim,33.2,12.3,2022-01-12,ativa,20.9,1529
30,outro,0,cardio,95.8,0.0,75.19,Sim,33.0,27.0,2025-05-17,sedentária,6.0,308
37,outro,0,crossfit,116.3,0.0,57.43,Sim,30.4,37.4,2022-04-21,sedentária,-7.0,1430
56,masculino,7,yoga,20.9,146.3,154.72,Sim,19.6,14.7,2023-09-10,atleta,4.9,923
21,feminino,4,cardio,28.0,112.0,193.01,Não,29.1,12.6,2023-05-21,ativa,16.5,1035
55,feminino,0,musculação,69.4,0.0,88.23,Sim,30.8,17.3,2021-07-08,sedentária,13.5,1717
64,outro,6,futebol,92.4,554.4,226.28,Sim,30.3,20.2,2020-08-17,atleta,10.1,2042
57,outro,3,musculação,44.3,132.9,84.35,Sim,14.0,34.4,2020-08-08,ativa,-20.4,2051
40,masculino,4,natação,118.0,472.0,167.56,Não,37.9,16.6,2024-02-09,ativa,21.3,771
60,outro,3,crossfit,28.2,84.6,104.37,Sim,19.1,17.5,2024-12-21,ativa,1.6,455
62,outro,2,crossfit,77.4,154.8,103.04,Sim,29.5,12.3,2022-10-19,ativa,17.2,1249
48,masculino,0,yoga,23.5,0.0,139.76,Sim,32.1,28.7,2023-07-13,sedentária,3.4,982
32,feminino,4,crossfit,91.2,247.5,96.6,Não,24.6,12.8,2020-01-11,sedentária,11.8,2261
51,masculino,2,natação,91.6,183.2,120.03,Sim,31.8,37.8,2022-05-29,ativa,-6.0,1392
21,feminino,4,natação,117.1,468.4,154.98,Não,13.6,10.8,2023-08-31,ativa,2.8,933
48,outro,4,natação,88.3,353.2,267.2,Sim,10.2,28.1,2020-09-05,ativa,-17.9,2023
53,feminino,7,cardio,27.7,193.9,177.46,Sim,23.8,30.7,2025-05-09,atleta,-6.9,316
23,outro,2,crossfit,48.2,96.4,244.72,Sim,36.9,31.3,2025-01-18,ativa,5.6,427
42,outro,3,yoga,44.6,133.8,127.62,Não,19.1,13.6,2020-04-29,ativa,5.5,2152
25,masculino,0,yoga,61.7,0.0,243.8,Não,26.8,12.3,2024-09-16,sedentária,14.5,551
32,masculino,7,cardio,69.2,484.4,82.6,Não,27.8,29.2,2020-03-27,atleta,-1.4,2185
25,feminino,4,cardio,35.0,247.5,174.5,Sim,21.9,29.9,2022-12-25,sedentária,-8.0,1182
22,feminino,5,yoga,56.8,284.0,137.14,Sim,32.1,10.4,2023-12-20,atleta,21.7,822
34,feminino,0,crossfit,103.8,0.0,137.57,Não,28.3,37.2,2022-02-25,sedentária,-8.9,1485
48,masculino,3,natação,60.5,181.5,114.2,Sim,11.8,37.2,2021-09-09,ativa,-25.4,1654
36,masculino,0,yoga,39.0,0.0,191.16,Sim,27.4,34.4,2023-12-10,sedentária,-7.0,832
35,masculino,5,futebol,69.1,345.5,125.35,Sim,15.6,28.8,2021-09-04,atleta,-13.2,1659
54,feminino,5,natação,72.2,361.0,141.11,Sim,36.9,32.4,2022-08-21,atleta,4.5,1308
47,feminino,5,crossfit,47.5,237.5,245.77,Não,34.4,25.0,2020-12-18,atleta,9.4,1919
36,masculino,2,musculação,96.8,193.6,78.04,Sim,37.6,30.5,2021-02-25,ativa,7.1,1850
22,outro,6,crossfit,108.9,653.4,121.2,Sim,34.7,21.8,2021-08-03,atleta,12.9,1691
28,outro,4,natação,115.9,247.5,177.24,Sim,23.1,35.5,2024-04-27,sedentária,-12.4,693
63,masculino,7,futebol,77.2,540.4,260.81,Não,23.4,10.6,2024-08-20,atleta,12.8,578
51,masculino,7,musculação,104.2,729.4,144.44,Não,32.4,15.4,2021-04-17,atleta,17.0,1799
32,feminino,0,cardio,42.4,0.0,239.71,Não,14.5,28.0,2023-07-06,sedentária,-13.5,989
59,masculino,7,futebol,106.3,744.1,253.51,Sim,33.3,19.2,2022-11-03,atleta,14.1,1234
50,masculino,1,futebol,77.2,77.2,163.49,Sim,32.8,14.7,2023-11-19,ativa,18.1,853
60,masculino,0,musculação,55.7,0.0,157.09,Não,22.0,37.2,2024-08-15,sedentária,-15.2,583
29,feminino,5,musculação,88.4,442.0,107.57,Sim,20.0,37.0,2022-10-15,atleta,-17.0,1253
42,outro,7,cardio,74.7,522.9,256.52,Não,37.0,20.9,2020-08-01,atleta,16.1,2058
48,masculino,0,musculação,24.8,0.0,225.76,Sim,11.2,33.5,2021-12-23,sedentária,-22.3,1549
37,feminino,6,natação,36.0,216.0,251.27,Não,17.0,24.8,2023-06-26,atleta,-7.8,999
54,masculino,7,yoga,119.6,837.2,295.72,Não,16.9,12.2,2023-04-19,atleta,4.7,1067
61,masculino,5,yoga,39.1,195.5,182.69,Sim,38.8,11.3,2023-06-28,atleta,27.5,997
53,outro,5,cardio,54.1,270.5,167.36,Não,35.2,17.9,2020-10-24,atleta,17.3,1974
64,feminino,6,crossfit,94.8,568.8,139.31,Sim,10.3,28.2,2022-05-29,atleta,-17.9,1392
25,masculino,2,cardio,39.7,79.4,121.79,Sim,26.0,31.0,2025-01-01,ativa,-5.0,444
59,masculino,1,musculação,77.6,77.6,73.78,Não,11.1,39.5,2021-01-29,ativa,-28.4,1877
25,feminino,4,cardio,90.8,247.5,189.87,Não,11.8,13.4,2021-08-19,sedentária,-1.6,1675
25,masculino,6,yoga,72.2,433.2,184.87,Não,17.1,32.6,2022-03-24,atleta,-15.5,1458
49,outro,0,musculação,20.5,0.0,279.43,Não,19.4,30.0,2023-08-30,sedentária,-10.6,934
56,masculino,4,yoga,102.6,410.4,297.4,Sim,23.7,16.7,2023-03-05,ativa,7.0,1112
51,masculino,1,crossfit,69.7,69.7,191.06,Não,14.5,10.1,2022-06-30,ativa,4.4,1360
26,feminino,4,natação,96.6,386.4,234.12,Sim,17.3,14.9,2021-09-09,ativa,2.4,1654
46,outro,6,yoga,91.1,546.6,278.26,Sim,20.4,11.9,2024-01-10,atleta,8.5,801
64,outro,4,crossfit,106.8,427.2,59.51,Sim,11.4,23.5,2022-07-05,ativa,-12.1,1355
31,feminino,5,yoga,107.6,538.0,271.34,Não,30.4,10.3,2021-02-23,atleta,20.1,1852
48,feminino,7,musculação,98.0,686.0,216.18,Sim,27.1,16.8,2020-08-12,atleta,10.3,2047
40,feminino,6,cardio,47.2,283.2,203.66,Não,16.2,13.4,2021-02-10,atleta,2.8,1865
49,outro,3,crossfit,46.8,140.4,149.32,Não,12.9,28.5,2024-05-26,ativa,-15.6,664
21,feminino,2,natação,25.3,50.6,88.56,Não,29.1,13.1,2023-05-20,ativa,16.0,1036
31,masculino,1,futebol,80.2,80.2,272.24,Não,30.5,33.4,2024-10-05,ativa,-2.9,532
21,feminino,7,natação,42.6,298.2,154.81,Sim,39.2,23.7,2023-01-24,atleta,15.5,1152
25,outro,5,musculação,93.9,469.5,296.32,Não,14.1,27.1,2020-10-01,atleta,-13.0,1997
43,feminino,4,yoga,98.2,247.5,86.52,Não,12.2,19.4,2021-05-27,sedentária,-7.2,1759
41,outro,4,cardio,106.7,247.5,263.0,Sim,10.5,25.8,2021-01-17,sedentária,-15.3,1889
52,masculino,0,cardio,88.6,0.0,80.48,Não,17.9,33.2,2023-11-07,sedentária,-15.3,865
44,masculino,3,natação,32.5,97.5,216.06,Sim,20.1,32.7,2023-04-15,ativa,-12.6,1071
45,outro,1,cardio,68.1,68.1,252.87,Não,29.9,39.7,2023-05-04,ativa,-9.8,1052
21,feminino,6,crossfit,88.8,532.8,196.17,Sim,32.0,21.8,2021-07-06,atleta,10.2,1719
21,outro,6,cardio,114.8,688.8,278.06,Sim,12.8,26.0,2024-07-20,atleta,-13.2,609
23,feminino,4,musculação,24.1,96.4,242.71,Não,24.8,16.8,2023-10-06,ativa,8.0,897
44,feminino,6,musculação,82.9,497.4,183.85,Não,28.2,18.0,2021-05-03,atleta,10.2,1783
26,outro,4,natação,62.0,247.5,153.16,Não,25.9,21.6,2022-01-21,sedentária,4.3,1520
30,outro,5,musculação,50.7,253.5,273.93,Não,16.0,20.3,2024-03-03,atleta,-4.3,748
34,outro,7,cardio,80.2,561.4,246.54,Sim,14.0,38.1,2021-03-09,atleta,-24.1,1838
45,feminino,5,musculação,119.7,598.5,122.0,Não,27.1,31.8,2022-12-01,atleta,-4.7,1206
30,masculino,7,musculação,27.9,195.3,86.57,Não,30.3,10.8,2025-09-05,atleta,19.5,197
56,feminino,6,musculação,86.2,517.2,67.88,Sim,38.8,17.7,2023-04-19,atleta,21.1,1067
25,feminino,3,cardio,68.7,206.1,238.05,Não,20.0,10.6,2024-10-02,ativa,9.4,535
22,feminino,5,futebol,117.9,589.5,280.35,Não,10.3,31.2,2021-12-11,atleta,-20.9,1561
63,outro,3,cardio,55.3,165.9,67.66,Sim,32.5,13.6,2024-01-27,ativa,18.9,784
35,outro,4,crossfit,109.4,437.6,58.7,Não,18.7,30.3,2024-09-12,ativa,-11.6,555
35,outro,0,cardio,93.7,0.0,279.53,Sim,20.8,38.7,2022-01-18,sedentária,-17.9,1523
29,feminino,6,futebol,104.2,625.2,163.0,Sim,30.4,17.9,2023-09-18,atleta,12.5,915
25,masculino,2,natação,35.0,70.0,260.98,Não,20.5,31.9,2022-10-23,ativa,-11.4,1245
58,feminino,0,yoga,60.6,0.0,289.46,Sim,10.4,10.2,2022-03-03,sedentária,0.2,1479
19,feminino,5,cardio,87.6,438.0,239.12,Não,37.4,30.1,2020-10-10,atleta,7.3,1988
54,masculino,7,yoga,57.5,402.5,289.14,Não,23.5,10.5,2025-06-21,atleta,13.0,273
53,feminino,5,futebol,65.3,326.5,91.5,Não,23.7,37.2,2020-12-31,atleta,-13.5,1906
33,masculino,3,musculação,116.6,349.8,249.1,Sim,12.3,25.1,2024-01-12,ativa,-12.8,799
55,outro,4,natação,45.7,247.5,119.32,Sim,28.2,14.5,2023-04-26,sedentária,13.7,1060
30,outro,7,yoga,64.0,448.0,75.44,Não,33.0,20.7,2025-05-14,atleta,12.3,311
38,outro,2,musculação,117.5,235.0,72.42,Sim,25.3,25.9,2024-05-19,ativa,-0.6,671
60,feminino,1,crossfit,79.3,79.3,253.85,Sim,33.2,20.8,2021-06-21,ativa,12.4,1734
23,feminino,5,crossfit,84.0,420.0,116.17,Sim,25.1,35.3,2021-12-22,atleta,-10.2,1550
34,feminino,5,crossfit,117.3,586.5,187.65,Não,13.1,36.6,2020-02-15,atleta,-23.5,2226
55,outro,4,yoga,42.7,170.8,239.65,Sim,35.8,24.9,2021-10-16,ativa,10.9,1617
39,feminino,7,yoga,30.7,214.9,257.78,Sim,13.1,27.0,2021-12-19,atleta,-13.9,1553
55,masculino,6,musculação,70.1,247.5,196.72,Não,30.4,23.4,2021-04-01,atleta,7.0,1815
26,feminino,3,natação,23.9,71.7,146.95,Não,22.3,15.8,2025-03-29,ativa,6.5,357
36,masculino,6,crossfit,76.8,460.8,244.82,Não,33.7,31.0,2023-04-14,atleta,2.7,1072
21,outro,1,yoga,49.7,49.7,165.25,Não,11.2,30.9,2022-07-19,ativa,-19.7,1341
57,masculino,6,cardio,56.9,341.4,179.35,Não,27.3,13.9,2022-04-22,atleta,13.4,1429
42,feminino,3,yoga,107.8,323.4,173.16,Não,36.1,36.4,2022-05-10,ativa,-0.3,1411
56,outro,3,yoga,116.0,348.0,79.29,Não,16.0,14.9,2023-07-13,ativa,1.1,982
35,masculino,4,natação,55.4,247.5,144.74,Não,26.8,35.9,2021-01-07,sedentária,-9.1,1899
20,outro,1,cardio,52.5,52.5,254.13,Sim,33.2,18.1,2020-11-28,ativa,15.1,1939
32,outro,0,crossfit,79.1,0.0,141.79,Não,16.6,27.8,2021-02-09,sedentária,-11.2,1866
61,feminino,3,natação,63.3,189.9,184.84,Não,28.2,26.5,2024-06-28,ativa,1.7,631
39,masculino,0,yoga,90.7,0.0,69.45,Não,14.4,36.5,2022-05-11,sedentária,-22.1,1410
45,masculino,6,cardio,30.6,183.6,77.52,Não,14.5,31.7,2022-08-24,atleta,-17.2,1305
57,feminino,2,musculação,51.8,103.6,246.59,Não,21.7,20.0,2021-10-01,ativa,1.7,1632
62,masculino,5,crossfit,110.4,552.0,138.8,Não,12.5,28.5,2025-02-26,atleta,-16.0,388
29,outro,2,musculação,86.6,173.2,137.01,Sim,31.0,12.2,2025-05-11,ativa,18.8,314
45,masculino,4,futebol,118.1,472.4,264.98,Não,14.8,17.0,2024-07-13,ativa,-2.2,616
25,outro,7,futebol,21.4,149.8,280.52,Não,37.5,22.1,2024-02-27,atleta,15.4,753
25,outro,4,yoga,80.4,321.6,106.01,Não,20.3,12.6,2020-03-18,ativa,7.7,2194
35,masculino,7,cardio,95.5,668.5,94.79,Sim,27.4,38.2,2020-12-28,atleta,-10.8,1909
32,outro,4,futebol,74.1,296.4,256.82,Sim,34.4,23.1,2021-10-14,ativa,11.3,1619
45,outro,3,yoga,109.6,328.8,114.34,Não,20.8,32.0,2020-11-16,ativa,-11.2,1951
44,masculino,6,cardio,97.9,587.4,254.5,Não,38.8,37.9,2021-08-07,atleta,0.9,1687
54,masculino,7,cardio,34.0,238.0,232.74,Não,34.4,25.6,2023-12-19,atleta,8.8,823
31,feminino,2,crossfit,47.9,95.8,109.47,Não,13.6,13.2,2024-01-17,ativa,0.4,794
28,outro,1,futebol,70.1,247.5,258.39,Não,32.9,27.4,2023-10-17,ativa,5.5,886
18,outro,5,crossfit,40.2,201.0,252.84,Sim,12.4,14.6,2020-02-07,atleta,-2.2,2234
25,outro,7,crossfit,21.1,147.7,87.6,Sim,14.9,19.7,2024-11-05,atleta,-4.8,501
21,masculino,2,crossfit,55.3,110.6,284.93,Não,34.6,31.4,2021-01-30,ativa,3.2,1876
51,feminino,2,futebol,64.4,128.8,216.18,Não,33.6,30.0,2022-11-29,ativa,3.6,1208
54,feminino,6,yoga,56.1,336.6,210.29,Sim,18.3,24.4,2020-01-21,atleta,-6.1,2251
35,feminino,5,natação,115.7,578.5,157.68,Sim,16.2,29.0,2023-02-28,atleta,-12.8,1117
43,masculino,1,yoga,63.7,63.7,101.13,Não,15.1,16.0,2021-08-16,ativa,-0.9,1678
59,feminino,3,natação,99.3,297.9,76.04,Não,18.1,19.0,2024-12-10,ativa,-0.9,466
30,feminino,6,crossfit,53.8,322.8,177.91,Não,37.9,18.3,2023-08-15,atleta,19.6,949
23,outro,5,yoga,65.9,329.5,261.81,Sim,10.1,36.4,2023-04-01,atleta,-26.3,1085
55,outro,2,cardio,92.2,184.4,141.63,Não,39.6,23.7,2024-04-27,ativa,15.9,693
21,masculino,4,cardio,53.9,215.6,57.26,Sim,39.9,16.1,2024-11-08,ativa,23.8,498
48,masculino,6,musculação,54.1,324.6,228.81,Sim,31.2,23.3,2020-04-16,atleta,7.9,2165
59,feminino,0,crossfit,24.1,0.0,123.83,Sim,30.8,35.5,2020-09-10,sedentária,-4.7,2018
38,feminino,3,yoga,27.0,81.0,180.52,Não,34.0,34.1,2022-03-28,ativa,-0.1,1454
57,outro,0,futebol,118.5,0.0,69.05,Não,28.0,24.4,2020-09-23,sedentária,3.6,2005
54,outro,3,crossfit,93.2,279.6,249.37,Sim,19.7,12.0,2021-06-06,ativa,7.7,1749
20,outro,7,natação,21.5,150.5,133.46,Sim,37.9,36.8,2021-12-29,atleta,1.1,1543
31,feminino,2,natação,79.5,159.0,156.25,Não,10.2,18.7,2020-01-10,ativa,-8.5,2262
37,outro,4,natação,23.0,92.0,220.72,Sim,32.0,25.1,2024-04-09,ativa,6.9,711
37,outro,2,natação,106.1,212.2,177.52,Sim,24.4,35.5,2021-04-13,ativa,-11.1,1803
25,outro,2,natação,28.3,56.6,126.97,Sim,26.0,15.0,2025-01-31,ativa,11.0,414
60,feminino,3,natação,90.9,272.7,202.69,Sim,29.6,26.3,2023-06-20,ativa,3.3,1005
46,outro,0,futebol,72.4,0.0,227.66,Não,29.9,34.9,2022-11-11,sedentária,-5.0,1226
24,masculino,7,cardio,90.3,632.1,102.54,Sim,36.1,13.7,2024-12-30,atleta,22.4,446
27,outro,4,futebol,65.5,262.0,52.93,Não,28.6,25.3,2022-09-22,ativa,3.3,1276
21,masculino,6,futebol,24.8,148.8,175.96,Sim,24.0,25.2,2021-06-23,atleta,-1.2,1732
62,masculino,2,cardio,40.8,81.6,169.4,Não,35.9,33.1,2022-10-03,ativa,2.8,1265
58,masculino,4,cardio,55.0,220.0,85.7,Sim,17.9,12.8,2020-02-09,ativa,5.1,2232
30,outro,6,cardio,82.5,495.0,208.0,Não,24.1,14.6,2023-07-18,atleta,9.5,977
62,masculino,7,natação,99.7,697.9,67.5,Sim,12.1,30.6,2023-10-21,atleta,-18.5,882
27,masculino,4,futebol,26.1,104.4,109.01,Sim,11.6,10.9,2023-02-01,ativa,0.7,1144
28,masculino,4,yoga,75.1,300.4,171.94,Não,14.2,37.4,2020-06-09,ativa,-23.2,2111
53,feminino,2,natação,52.1,104.2,115.49,Sim,39.2,10.4,2024-06-01,ativa,28.8,658
25,masculino,2,yoga,64.8,129.6,173.07,Não,13.5,14.5,2020-07-06,ativa,-1.0,2084
25,masculino,3,musculação,57.4,172.2,96.39,Sim,32.6,39.8,2022-04-16,ativa,-7.2,1435
22,feminino,4,cardio,119.6,247.5,64.44,Sim,18.7,27.3,2023-02-08,sedentária,-8.6,1137
62,outro,5,crossfit,63.9,319.5,157.65,Sim,25.9,17.3,2021-08-11,atleta,8.6,1683
58,outro,1,cardio,69.9,69.9,241.73,Sim,39.6,35.7,2022-04-06,ativa,3.9,1445
51,masculino,2,cardio,98.0,196.0,202.02,Não,24.7,31.9,2022-05-24,ativa,-7.2,1397
34,outro,5,musculação,40.7,203.5,264.86,Não,38.2,31.6,2021-12-05,atleta,6.6,1567
23,masculino,2,musculação,29.5,59.0,273.61,Sim,18.1,31.7,2024-03-10,ativa,-13.6,741
62,outro,3,musculação,20.6,61.8,91.17,Sim,10.6,10.7,2023-02-18,ativa,-0.1,1127
41,outro,7,futebol,65.5,458.5,71.66,Sim,22.2,12.8,2024-02-04,atleta,9.4,776
31,outro,7,futebol,22.6,158.2,197.59,Sim,15.5,15.0,2020-07-17,atleta,0.5,2073
61,outro,0,futebol,107.7,0.0,227.52,Não,17.5,27.6,2022-02-06,sedentária,-10.1,1504
23,outro,4,crossfit,52.7,210.8,253.48,Sim,35.1,35.8,2021-03-05,ativa,-0.7,1842
36,outro,6,cardio,36.0,216.0,197.6,Sim,25.9,35.1,2022-11-16,atleta,-9.2,1221
48,masculino,5,futebol,38.0,190.0,211.17,Sim,24.4,15.8,2020-11-18,atleta,8.6,1949
40,outro,6,cardio,37.1,222.6,163.41,Não,32.1,29.5,2024-08-01,atleta,2.6,597
43,feminino,5,cardio,30.3,151.5,197.65,Sim,37.3,16.8,2024-01-27,atleta,20.5,784
62,outro,0,yoga,120.0,0.0,131.14,Não,24.7,21.9,2021-08-08,sedentária,2.8,1686
23,masculino,4,natação,33.3,133.2,220.98,Não,17.9,26.1,2024-12-28,ativa,-8.2,448
46,outro,0,futebol,100.1,0.0,116.43,Não,31.5,22.6,2023-07-09,sedentária,8.9,986
34,masculino,5,yoga,84.0,420.0,231.33,Não,20.2,35.6,2024-11-18,atleta,-15.4,488
37,outro,5,yoga,56.1,280.5,54.51,Sim,34.7,20.8,2024-12-14,atleta,13.9,462
36,outro,7,yoga,73.6,515.2,206.91,Sim,19.6,23.8,2025-03-29,atleta,-4.2,357
26,masculino,4,crossfit,83.3,333.2,259.86,Não,12.8,27.2,2025-03-17,ativa,-14.4,369
40,masculino,6,musculação,40.0,240.0,59.68,Sim,29.2,32.4,2022-04-21,atleta,-3.2,1430
55,feminino,0,crossfit,103.1,0.0,76.1,Não,13.3,27.2,2025-03-02,sedentária,-13.9,384
40,feminino,6,crossfit,47.9,287.4,157.31,Não,32.1,33.8,2024-09-25,atleta,-1.7,542
24,feminino,4,yoga,25.8,103.2,166.73,Sim,31.0,18.4,2022-04-11,ativa,12.6,1440
59,feminino,4,futebol,86.2,344.8,62.8,Sim,24.7,10.0,2021-08-09,ativa,14.7,1685
19,feminino,1,cardio,71.8,71.8,79.48,Não,31.3,31.1,2024-11-23,ativa,0.2,483
38,outro,1,natação,27.7,27.7,225.74,Não,34.2,13.7,2024-07-16,ativa,20.5,613
49,outro,5,yoga,26.1,130.5,256.08,Sim,19.7,20.7,2023-07-14,atleta,-1.0,981
33,feminino,6,futebol,47.0,282.0,180.0,Sim,19.9,18.1,2022-11-21,atleta,1.8,1216
62,outro,6,cardio,91.3,547.8,81.74,Sim,37.0,25.2,2025-04-30,atleta,11.8,325
42,masculino,7,futebol,62.6,438.2,55.35,Não,39.9,31.6,2021-12-15,atleta,8.3,1557
23,masculino,3,yoga,114.5,343.5,231.33,Não,29.1,18.6,2022-07-11,ativa,10.5,1349
59,masculino,1,yoga,70.1,247.5,118.65,Não,11.5,33.7,2023-06-06,ativa,-22.2,1019
24,masculino,5,natação,70.1,247.5,283.58,Sim,24.8,35.1,2020-05-11,atleta,-10.3,2140
21,masculino,6,crossfit,81.0,486.0,161.39,Sim,26.1,21.9,2022-08-08,atleta,4.2,1321
28,masculino,6,musculação,106.8,640.8,64.82,Não,26.8,36.1,2023-01-06,atleta,-9.3,1170
53,outro,7,yoga,67.6,473.2,165.85,Sim,24.6,30.6,2024-09-16,atleta,-6.0,551
48,outro,1,cardio,38.0,38.0,285.53,Não,15.3,13.2,2025-01-03,ativa,2.1,442
20,masculino,5,musculação,70.1,247.5,127.4,Sim,29.6,35.3,2024-06-06,atleta,-5.7,653
54,feminino,7,natação,59.2,414.4,121.5,Sim,32.9,28.2,2020-07-09,atleta,4.7,2081
35,feminino,5,musculação,108.8,544.0,172.32,Não,28.6,14.6,2021-04-04,atleta,14.0,1812
45,feminino,4,yoga,79.5,318.0,101.88,Não,17.7,17.5,2024-02-03,ativa,0.2,777
28,outro,0,natação,114.0,0.0,278.28,Não,14.0,19.1,2021-07-29,sedentária,-5.1,1696
36,outro,0,cardio,25.0,0.0,215.2,Não,21.7,19.4,2020-09-17,sedentária,2.3,2011
44,masculino,6,cardio,92.9,557.4,190.16,Sim,15.5,18.8,2020-02-02,atleta,-3.3,2239
49,outro,0,crossfit,101.8,0.0,102.45,Sim,39.0,31.2,2022-03-03,sedentária,7.8,1479
45,outro,6,yoga,31.7,190.2,66.91,Não,22.4,31.3,2020-12-28,atleta,-8.9,1909
45,masculino,3,musculação,56.3,168.9,113.7,Não,25.6,11.5,2022-09-29,ativa,14.1,1269
55,outro,2,musculação,58.8,117.6,286.4,Sim,35.4,21.4,2024-08-10,ativa,14.0,588
58,outro,4,crossfit,104.0,247.5,153.81,Não,37.9,17.1,2021-12-04,sedentária,20.8,1568
34,feminino,2,natação,73.8,147.6,144.22,Não,21.0,18.8,2020-07-09,ativa,2.2,2081
55,masculino,2,futebol,46.0,92.0,205.2,Não,25.3,17.7,2024-10-26,ativa,7.6,511
32,feminino,7,crossfit,46.0,322.0,227.61,Sim,14.3,37.3,2024-07-26,atleta,-23.0,603
22,outro,3,yoga,97.6,292.8,98.42,Sim,15.7,32.4,2020-10-13,ativa,-16.7,1985
22,feminino,5,cardio,28.3,141.5,196.45,Não,26.2,39.1,2024-07-21,atleta,-12.9,608
42,feminino,6,cardio,42.4,254.4,280.67,Não,34.7,19.8,2021-11-17,atleta,14.9,1585
36,masculino,7,musculação,59.6,417.2,166.43,Sim,21.7,20.0,2022-06-21,atleta,1.7,1369
38,masculino,3,musculação,56.4,169.2,188.59,Sim,11.8,10.3,2020-07-15,ativa,1.5,2075
63,outro,0,futebol,83.8,0.0,243.49,Sim,13.8,33.1,2021-05-17,sedentária,-19.3,1769
20,feminino,7,yoga,63.1,441.7,71.19,Não,18.5,14.2,2022-05-13,atleta,4.3,1408
50,masculino,5,musculação,63.0,315.0,120.13,Não,20.4,26.2,2021-07-23,atleta,-5.8,1702
29,masculino,7,crossfit,94.9,664.3,120.46,Não,27.5,14.0,2023-07-25,atleta,13.5,970
49,masculino,5,futebol,67.9,339.5,50.05,Sim,25.6,25.9,2024-06-14,atleta,-0.3,645
44,feminino,5,futebol,117.6,588.0,102.41,Não,18.4,12.7,2023-01-08,atleta,5.7,1168
34,feminino,2,cardio,87.8,175.6,149.54,Não,33.9,10.9,2020-11-13,ativa,23.0,1954
34,outro,2,musculação,59.5,119.0,65.99,Sim,22.0,11.5,2022-08-16,ativa,10.5,1313
34,masculino,2,musculação,37.0,74.0,291.04,Sim,25.4,10.6,2022-09-27,ativa,14.8,1271
23,feminino,1,futebol,52.1,52.1,277.81,Sim,37.7,13.2,2020-09-13,ativa,24.5,2015
21,masculino,5,cardio,32.4,162.0,149.8,Não,32.1,35.0,2022-04-07,atleta,-2.9,1444
40,masculino,3,futebol,118.8,356.4,173.96,Não,28.9,22.0,2023-11-04,ativa,6.9,868
37,feminino,6,natação,31.8,190.8,273.41,Sim,28.8,11.2,2022-08-29,atleta,17.6,1300
25,outro,5,natação,70.1,247.5,178.22,Não,15.6,23.5,2021-02-17,atleta,-7.9,1858
26,masculino,6,yoga,79.3,475.8,197.96,Não,18.4,20.2,2024-03-06,atleta,-1.8,745
30,outro,3,yoga,32.3,96.9,208.51,Sim,38.9,26.7,2021-07-28,ativa,12.2,1697
32,outro,1,yoga,37.5,37.5,295.01,Não,14.6,38.4,2020-03-19,ativa,-23.8,2193
56,feminino,1,yoga,70.1,247.5,89.57,Sim,31.0,23.2,2023-12-31,ativa,7.8,811
40,feminino,4,yoga,75.2,247.5,91.63,Sim,20.2,29.5,2023-08-26,sedentária,-9.3,938
60,outro,4,yoga,20.9,83.6,263.63,Não,33.0,17.8,2021-12-15,ativa,15.2,1557
22,feminino,7,futebol,69.4,485.8,163.93,Sim,38.7,32.7,2022-07-07,atleta,6.0,1353
35,outro,3,musculação,30.5,91.5,273.68,Sim,32.1,36.7,2023-04-27,ativa,-4.6,1059
26,masculino,6,natação,113.1,678.6,291.31,Sim,21.5,30.4,2025-05-04,atleta,-8.9,321
48,masculino,3,musculação,77.5,232.5,72.1,Não,12.0,37.7,2020-05-30,ativa,-25.7,2121
37,masculino,0,musculação,101.4,0.0,66.3,Sim,37.0,37.8,2020-01-22,sedentária,-0.8,2250
20,outro,0,yoga,72.6,0.0,104.5,Sim,38.0,25.4,2020-05-05,sedentária,12.6,2146
61,masculino,7,crossfit,106.5,745.5,174.24,Não,13.1,29.7,2025-06-02,atleta,-16.6,292
18,feminino,5,crossfit,83.7,418.5,233.38,Não,34.7,18.3,2021-02-03,atleta,16.4,1872
47,feminino,7,futebol,105.9,741.3,271.19,Não,13.7,37.7,2024-06-29,atleta,-24.0,630
37,feminino,4,yoga,50.8,203.2,94.09,Sim,13.9,20.3,2025-01-04,ativa,-6.4,441
56,feminino,4,natação,81.7,326.8,94.71,Não,29.5,17.2,2025-05-20,ativa,12.3,305
23,feminino,7,cardio,41.7,291.9,137.92,Não,32.0,37.0,2023-06-06,atleta,-5.0,1019
23,feminino,3,cardio,84.3,252.9,265.84,Não,11.7,35.5,2024-11-16,ativa,-23.8,490
36,feminino,3,crossfit,29.8,89.4,295.09,Sim,38.1,27.5,2023-07-05,ativa,10.6,990
35,masculino,7,musculação,29.6,207.2,285.3,Sim,36.4,29.3,2022-05-23,atleta,7.1,1398
54,outro,5,cardio,95.4,477.0,177.81,Sim,32.2,38.6,2020-09-19,atleta,-6.4,2009
38,masculino,2,futebol,43.8,87.6,55.14,Não,39.4,23.9,2025-05-07,ativa,15.5,318
62,outro,0,crossfit,54.2,0.0,115.83,Não,32.5,20.0,2020-04-07,sedentária,12.5,2174
53,outro,0,cardio,30.5,0.0,178.91,Sim,37.8,31.7,2024-04-29,sedentária,6.1,691
47,outro,1,cardio,30.4,30.4,255.53,Sim,19.2,21.7,2021-03-20,ativa,-2.5,1827
19,masculino,4,musculação,61.2,244.8,223.3,Não,14.1,37.9,2020-09-22,ativa,-23.8,2006
35,outro,6,cardio,114.8,688.8,231.6,Não,39.5,28.5,2024-05-26,atleta,11.0,664
42,feminino,5,natação,89.2,446.0,87.32,Sim,12.1,12.6,2021-12-19,atleta,-0.5,1553
26,outro,6,yoga,118.8,712.8,61.65,Sim,25.7,18.0,2024-06-05,atleta,7.7,654
58,masculino,4,natação,68.0,272.0,108.31,Não,10.3,20.5,2020-03-20,ativa,-10.2,2192
24,feminino,4,yoga,110.6,442.4,187.18,Não,15.0,13.4,2023-10-16,ativa,1.6,887
39,masculino,4,futebol,20.3,81.2,216.13,Não,29.3,22.1,2020-02-04,ativa,7.2,2237
58,outro,2,cardio,97.7,195.4,94.45,Não,12.8,33.6,2023-11-23,ativa,-20.8,849
64,outro,1,futebol,119.2,119.2,197.32,Sim,37.8,21.9,2023-04-14,ativa,15.9,1072
39,outro,4,musculação,63.7,247.5,190.7,Sim,37.7,27.3,2024-05-12,sedentária,10.4,678
45,masculino,0,natação,116.9,0.0,197.02,Sim,10.7,18.1,2020-09-16,sedentária,-7.4,2012
57,masculino,5,crossfit,82.8,414.0,104.83,Sim,18.0,23.5,2022-05-02,atleta,-5.5,1419
20,feminino,3,natação,46.6,139.8,189.81,Sim,13.4,26.7,2025-07-28,ativa,-13.3,236
43,masculino,2,futebol,20.6,41.2,248.25,Não,14.9,18.7,2020-08-19,ativa,-3.8,2040
60,feminino,2,natação,70.1,247.5,103.14,Não,22.3,23.8,2025-05-22,ativa,-1.5,303
33,feminino,4,futebol,53.6,214.4,272.3,Não,39.2,39.0,2024-01-24,ativa,0.2,787
51,outro,1,futebol,25.4,25.4,122.22,Sim,24.8,21.5,2021-07-28,ativa,3.3,1697
48,outro,2,yoga,106.0,212.0,143.47,Sim,36.7,27.4,2022-12-05,ativa,9.3,1202
38,masculino,4,natação,87.7,247.5,226.9,Sim,13.8,38.9,2020-04-04,sedentária,-25.1,2177
58,outro,2,musculação,32.1,64.2,62.81,Sim,18.4,35.3,2020-09-10,ativa,-16.9,2018
22,masculino,1,crossfit,90.9,90.9,82.97,Sim,24.5,27.8,2025-03-26,ativa,-3.3,360
55,feminino,3,cardio,64.8,194.4,113.06,Sim,11.6,30.7,2024-08-28,ativa,-19.1,570
18,masculino,6,cardio,83.0,498.0,89.93,Não,21.2,11.5,2020-01-25,atleta,9.7,2247
20,masculino,0,futebol,67.8,0.0,234.24,Não,39.5,29.5,2021-06-01,sedentária,10.0,1754
50,outro,2,futebol,85.8,171.6,175.95,Não,14.8,23.7,2023-02-08,ativa,-8.9,1137
19,masculino,5,yoga,117.7,588.5,81.7,Não,20.2,39.9,2020-03-17,atleta,-19.7,2195
57,outro,3,crossfit,66.6,199.8,273.21,Sim,37.0,18.4,2025-03-11,ativa,18.6,375
28,outro,0,natação,114.4,0.0,297.99,Sim,28.0,32.0,2025-08-30,sedentária,-4.0,203
31,feminino,7,crossfit,91.7,641.9,114.48,Não,18.2,10.2,2021-12-22,atleta,8.0,1550
22,masculino,4,futebol,70.1,247.5,251.68,Não,25.3,33.3,2023-02-02,sedentária,-8.0,1143
32,masculino,6,yoga,98.1,588.6,113.02,Não,34.1,32.0,2023-11-20,atleta,2.1,852
34,outro,4,futebol,46.5,247.5,92.11,Não,28.5,29.1,2021-08-24,sedentária,-0.6,1670
38,outro,6,musculação,53.2,319.2,290.78,Não,12.9,22.7,2021-08-02,atleta,-9.8,1692
37,outro,6,cardio,76.3,457.8,190.16,Sim,24.0,34.6,2023-04-15,atleta,-10.6,1071
52,outro,4,crossfit,70.1,247.5,57.0,Não,31.3,13.2,2023-09-05,ativa,18.1,928
60,feminino,7,musculação,21.7,151.9,246.95,Não,24.8,32.4,2021-01-12,atleta,-7.6,1894
63,feminino,7,crossfit,70.0,490.0,196.6,Sim,33.7,21.5,2023-09-05,atleta,12.2,928
21,feminino,4,crossfit,21.1,84.4,192.7,Não,18.2,29.7,2023-11-30,ativa,-11.5,842
60,masculino,6,musculação,75.5,453.0,78.36,Não,19.9,23.1,2023-12-22,atleta,-3.2,820
36,masculino,6,musculação,70.1,247.5,133.69,Sim,33.2,29.3,2022-03-20,atleta,3.9,1462
32,feminino,3,yoga,74.2,222.6,286.53,Não,21.1,31.7,2025-03-13,ativa,-10.6,373
25,feminino,4,crossfit,70.1,247.5,103.53,Não,28.4,20.4,2020-01-18,ativa,8.0,2254
45,feminino,0,cardio,88.7,0.0,295.89,Sim,25.0,13.9,2021-01-28,sedentária,11.1,1878
59,feminino,5,natação,53.7,268.5,159.87,Sim,15.5,33.9,2022-06-14,atleta,-18.4,1376
48,masculino,4,yoga,102.8,411.2,231.39,Sim,31.4,11.7,2022-03-29,ativa,19.7,1453
33,masculino,7,cardio,70.7,494.9,247.15,Não,14.5,18.9,2024-01-04,atleta,-4.4,807
44,masculino,2,yoga,57.4,114.8,70.62,Não,35.3,11.5,2025-03-19,ativa,23.8,367
38,feminino,1,musculação,89.8,89.8,237.89,Sim,39.9,32.2,2024-05-28,ativa,7.7,662
54,feminino,0,futebol,29.4,0.0,164.66,Não,24.7,11.3,2022-01-10,sedentária,13.4,1531
32,masculino,7,futebol,60.5,423.5,177.12,Não,21.7,29.5,2025-01-11,atleta,-7.8,434
36,masculino,7,yoga,109.7,767.9,91.36,Sim,39.3,20.3,2022-09-15,atleta,19.0,1283
25,feminino,1,cardio,20.4,20.4,156.17,Sim,20.7,12.5,2020-01-15,ativa,8.2,2257
61,outro,2,futebol,45.2,90.4,216.3,Sim,20.0,21.9,2021-05-26,ativa,-1.9,1760
39,outro,0,futebol,85.9,0.0,265.78,Não,35.2,31.5,2020-01-14,sedentária,3.7,2258
37,outro,4,yoga,22.9,91.6,152.56,Não,12.7,26.4,2022-04-04,ativa,-13.7,1447
23,outro,6,crossfit,58.2,349.2,52.14,Sim,17.8,20.6,2021-02-12,atleta,-2.8,1863
47,feminino,4,yoga,53.7,214.8,192.85,Não,21.6,14.3,2022-02-04,ativa,7.3,1506
20,outro,5,futebol,109.2,546.0,61.89,Não,31.5,33.3,2025-02-05,atleta,-1.8,409
52,masculino,6,cardio,70.6,423.6,219.69,Não,27.5,12.4,2023-02-09,atleta,15.1,1136
18,feminino,6,yoga,80.8,484.8,130.88,Sim,12.7,14.5,2024-08-09,atleta,-1.8,589
50,masculino,0,musculação,53.4,0.0,73.45,Sim,14.1,28.6,2024-12-14,sedentária,-14.5,462
53,outro,6,futebol,64.8,388.8,258.67,Não,18.2,27.0,2020-04-08,atleta,-8.8,2173
19,feminino,4,crossfit,77.3,309.2,260.36,Não,37.5,23.3,2022-12-04,ativa,14.2,1203
40,outro,7,yoga,90.8,635.6,195.1,Sim,22.6,35.5,2024-10-06,atleta,-12.9,531
48,masculino,1,yoga,114.4,114.4,299.94,Sim,39.2,17.8,2025-07-17,ativa,21.4,247
22,masculino,0,crossfit,30.4,0.0,95.13,Sim,31.6,31.1,2024-09-07,sedentária,0.5,560
55,masculino,5,futebol,96.8,484.0,223.49,Sim,19.6,21.6,2022-09-12,atleta,-2.0,1286
37,masculino,5,yoga,40.2,201.0,152.3,Sim,10.1,24.7,2022-10-19,atleta,-14.6,1249
41,outro,6,cardio,119.6,717.6,163.37,Não,18.2,29.5,2023-10-28,atleta,-11.3,875
23,masculino,1,cardio,70.1,247.5,273.53,Sim,18.1,23.1,2020-08-25,ativa,-5.0,2034
51,feminino,4,cardio,29.7,247.5,221.63,Não,15.6,34.7,2021-01-25,sedentária,-19.1,1881
25,outro,4,cardio,52.1,247.5,83.23,Não,13.8,22.3,2020-09-22,sedentária,-8.5,2006
43,outro,4,musculação,34.5,138.0,209.45,Não,14.1,18.7,2022-11-12,ativa,-4.6,1225
37,feminino,2,natação,111.0,222.0,229.63,Sim,22.6,12.5,2024-10-25,ativa,10.1,512
48,masculino,7,cardio,71.3,499.1,272.35,Não,22.2,18.8,2022-07-26,atleta,3.4,1334
57,masculino,3,futebol,30.3,90.9,52.88,Não,38.6,24.2,2024-08-01,ativa,14.4,597
31,outro,0,yoga,70.1,247.5,171.21,Não,26.7,20.6,2023-07-05,sedentária,6.1,990
64,masculino,4,yoga,102.9,411.6,294.04,Não,36.8,29.9,2021-08-12,ativa,6.9,1682
47,masculino,4,crossfit,100.9,403.6,178.79,Sim,16.4,35.6,2025-08-03,ativa,-19.2,230
52,outro,1,yoga,74.3,74.3,54.69,Não,16.7,21.7,2025-05-12,ativa,-5.0,313
64,outro,4,yoga,79.3,247.5,297.3,Não,37.3,25.7,2024-09-29,sedentária,11.6,538
46,masculino,2,cardio,81.7,163.4,74.83,Sim,37.3,39.4,2025-05-30,ativa,-2.1,295
61,masculino,6,natação,93.1,558.6,128.22,Não,11.3,10.1,2024-11-05,atleta,1.2,501
31,masculino,4,crossfit,41.0,164.0,57.18,Sim,27.4,38.9,2025-09-02,ativa,-11.5,200
34,masculino,3,crossfit,78.1,234.3,242.36,Sim,21.6,17.7,2024-09-20,ativa,3.9,547
62,feminino,3,yoga,91.6,274.8,107.98,Não,14.4,27.6,2023-11-29,ativa,-13.2,843
49,feminino,2,cardio,85.5,171.0,208.73,Não,27.5,27.6,2024-12-16,ativa,-0.1,460
18,masculino,0,cardio,33.7,0.0,70.25,Não,35.8,31.9,2023-11-07,sedentária,3.9,865
50,outro,2,futebol,82.3,164.6,234.49,Sim,27.3,17.5,2023-05-05,ativa,9.8,1051
21,masculino,3,crossfit,78.1,234.3,262.14,Sim,37.4,27.1,2024-06-24,ativa,10.3,635
43,feminino,7,musculação,97.2,680.4,80.93,Sim,35.0,19.4,2023-09-20,atleta,15.6,913
19,outro,1,crossfit,108.3,108.3,191.02,Não,28.5,11.2,2020-11-07,ativa,17.3,1960
39,feminino,6,cardio,86.7,520.2,198.92,Sim,29.2,36.6,2023-05-18,atleta,-7.4,1038
27,masculino,3,yoga,94.3,282.9,190.61,Sim,28.9,16.2,2021-03-14,ativa,12.7,1833
54,outro,7,natação,101.6,711.2,165.03,Não,31.2,35.3,2021-01-14,atleta,-4.1,1892
64,outro,0,yoga,117.0,0.0,262.3,Não,13.5,12.8,2024-10-11,sedentária,0.7,526
56,feminino,7,natação,36.2,253.4,182.89,Não,35.7,18.1,2022-09-18,atleta,17.6,1280
31,outro,4,yoga,89.2,356.8,96.13,Não,26.5,37.6,2020-07-12,ativa,-11.1,2078
26,masculino,6,futebol,37.1,222.6,105.45,Sim,28.6,15.5,2023-11-17,atleta,13.1,855
41,feminino,7,cardio,76.5,535.5,226.43,Sim,27.8,32.5,2020-09-02,atleta,-4.7,2026
63,feminino,2,natação,87.0,174.0,85.63,Sim,29.8,27.7,2023-09-15,ativa,2.1,918
32,masculino,0,futebol,110.5,0.0,56.71,Sim,34.0,34.4,2021-06-13,sedentária,-0.4,1742
58,outro,6,natação,38.4,230.4,239.67,Sim,34.6,12.6,2023-12-11,atleta,22.0,831
40,outro,1,futebol,37.4,37.4,84.98,Não,15.3,22.0,2024-08-27,ativa,-6.7,571
58,masculino,5,musculação,29.6,148.0,162.53,Não,24.3,36.5,2024-05-15,atleta,-12.2,675
34,outro,7,natação,77.8,544.6,269.11,Não,31.3,30.4,2022-01-06,atleta,0.9,1535
41,outro,1,yoga,100.2,100.2,133.51,Sim,23.2,27.7,2025-06-05,ativa,-4.5,289
42,outro,4,natação,110.3,441.2,127.2,Não,31.8,32.6,2021-08-12,ativa,-0.8,1682
32,feminino,6,cardio,90.6,543.6,214.1,Não,21.2,25.2,2023-10-13,atleta,-4.0,890
20,outro,1,futebol,67.5,67.5,243.34,Não,29.3,14.9,2024-12-24,ativa,14.4,452
31,masculino,6,crossfit,45.5,273.0,161.39,Sim,23.7,12.8,2021-09-23,atleta,10.9,1640
45,outro,4,natação,38.4,153.6,215.13,Sim,30.5,34.8,2020-09-20,ativa,-4.3,2008
53,masculino,5,natação,37.9,189.5,235.32,Sim,30.9,22.0,2023-05-29,atleta,8.9,1027
56,outro,5,natação,118.8,594.0,120.67,Não,30.9,21.0,2025-05-02,atleta,9.9,323
47,outro,5,musculação,36.7,183.5,128.05,Sim,39.5,27.3,2024-05-05,atleta,12.2,685
36,masculino,1,yoga,110.7,110.7,175.84,Sim,31.9,22.5,2024-12-10,ativa,9.4,466
22,outro,6,cardio,107.9,647.4,236.37,Não,27.6,14.7,2020-08-22,atleta,12.9,2037
48,masculino,5,cardio,91.0,455.0,200.8,Não,38.4,25.0,2020-12-12,atleta,13.4,1925
25,feminino,0,crossfit,40.2,0.0,134.75,Sim,16.4,38.5,2025-04-08,sedentária,-22.1,347
22,feminino,4,crossfit,64.7,258.8,263.92,Não,23.1,29.2,2025-02-18,ativa,-6.1,396
26,feminino,4,futebol,85.8,247.5,71.56,Não,28.6,34.1,2022-01-22,sedentária,-5.5,1519
26,feminino,5,futebol,106.2,531.0,297.07,Não,13.1,23.6,2023-02-20,atleta,-10.5,1125
47,feminino,2,cardio,98.7,197.4,79.0,Sim,24.2,31.3,2024-11-30,ativa,-7.1,476
47,outro,2,cardio,48.3,96.6,235.99,Sim,15.4,24.1,2023-08-17,ativa,-8.7,947
44,outro,7,yoga,116.0,812.0,75.04,Não,17.1,21.6,2021-03-03,atleta,-4.5,1844
59,masculino,3,futebol,47.9,143.7,56.85,Não,19.5,36.3,2021-11-01,ativa,-16.8,1601
29,masculino,6,yoga,80.9,485.4,86.77,Não,30.1,25.8,2020-03-25,atleta,4.3,2187
59,masculino,4,natação,64.4,257.6,50.62,Não,10.6,18.6,2022-01-28,ativa,-8.0,1513
56,feminino,1,musculação,24.5,24.5,167.08,Sim,21.1,33.3,2025-07-29,ativa,-12.2,235
43,masculino,1,futebol,85.3,85.3,174.88,Não,38.6,39.5,2020-07-01,ativa,-0.9,2089
46,outro,2,musculação,50.8,101.6,288.93,Sim,38.0,38.2,2025-07-15,ativa,-0.2,249
42,feminino,2,musculação,70.1,247.5,153.54,Sim,10.4,32.8,2025-01-31,ativa,-22.4,414
35,masculino,4,crossfit,48.9,247.5,186.68,Sim,24.8,23.3,2021-12-29,sedentária,1.5,1543
57,masculino,1,crossfit,61.4,61.4,127.63,Sim,31.7,15.0,2022-04-12,ativa,16.7,1439
54,feminino,4,natação,59.3,247.5,59.63,Não,27.1,26.3,2024-01-07,sedentária,0.8,804
58,masculino,0,yoga,34.4,0.0,162.48,Não,32.0,27.1,2024-07-03,sedentária,4.9,626
30,masculino,3,futebol,88.2,264.6,147.92,Não,20.6,19.4,2021-01-24,ativa,1.2,1882
44,masculino,0,futebol,81.5,0.0,147.51,Não,16.2,10.7,2024-09-12,sedentária,5.5,555
20,feminino,5,musculação,50.5,252.5,151.83,Sim,11.2,11.8,2022-05-21,atleta,-0.6,1400
20,masculino,4,musculação,43.8,247.5,132.9,Sim,22.0,20.5,2021-08-29,sedentária,1.5,1665
53,feminino,1,cardio,68.8,68.8,131.63,Sim,31.6,16.2,2022-06-01,ativa,15.4,1389
23,outro,4,crossfit,49.3,197.2,162.87,Sim,23.2,35.2,2023-12-08,ativa,-12.0,834
53,outro,3,crossfit,84.9,254.7,196.3,Não,27.7,27.7,2021-04-10,ativa,0.0,1806
57,feminino,4,musculação,109.7,438.8,283.9,Sim,29.9,13.8,2025-05-11,ativa,16.1,314
38,masculino,1,musculação,70.1,247.5,111.55,Sim,19.5,27.9,2022-09-30,ativa,-8.4,1268
22,outro,3,musculação,114.3,342.9,222.46,Não,32.1,33.4,2023-06-17,ativa,-1.3,1008
37,outro,4,natação,98.8,247.5,95.7,Não,39.0,14.3,2023-01-10,sedentária,24.7,1166
46,outro,4,yoga,67.4,269.6,92.62,Sim,30.4,26.6,2021-10-19,ativa,3.8,1614
48,masculino,0,futebol,70.1,247.5,263.35,Não,11.6,23.6,2021-06-03,sedentária,-12.0,1752
60,feminino,5,yoga,64.5,322.5,241.87,Não,30.4,32.3,2024-02-25,atleta,-1.9,755
23,masculino,0,futebol,101.3,0.0,258.19,Sim,28.5,21.9,2021-07-12,sedentária,6.6,1713
18,outro,4,yoga,53.3,213.2,145.98,Não,11.7,38.6,2024-01-15,ativa,-26.9,796
64,masculino,7,cardio,48.2,337.4,139.13,Não,29.2,23.3,2020-09-09,atleta,5.9,2019
38,masculino,1,crossfit,111.8,111.8,200.09,Sim,13.4,25.2,2020-06-03,ativa,-11.8,2117
46,outro,3,futebol,86.5,259.5,194.06,Sim,23.6,37.5,2022-08-09,ativa,-13.9,1320
34,masculino,4,crossfit,34.5,138.0,81.9,Não,16.8,15.0,2022-05-14,ativa,1.8,1407
55,outro,0,futebol,50.5,0.0,202.95,Sim,23.4,25.2,2025-01-09,sedentária,-1.8,436
26,feminino,5,yoga,81.8,409.0,203.47,Sim,10.1,20.2,2020-05-13,atleta,-10.1,2138
50,outro,5,cardio,66.7,333.5,238.39,Não,13.1,19.6,2023-04-17,atleta,-6.5,1069
23,masculino,5,crossfit,67.0,335.0,257.04,Sim,22.4,12.0,2020-06-05,atleta,10.4,2115
40,masculino,2,natação,100.6,201.2,109.63,Sim,19.6,36.8,2024-09-20,ativa,-17.2,547
41,outro,1,crossfit,91.9,91.9,139.86,Não,24.5,27.5,2021-07-13,ativa,-3.0,1712
32,outro,2,cardio,70.1,247.5,288.01,Não,16.1,15.0,2024-11-27,ativa,1.1,479
60,masculino,7,yoga,68.8,481.6,224.54,Sim,13.6,38.0,2021-04-29,atleta,-24.4,1787
58,masculino,4,futebol,25.9,103.6,197.35,Sim,38.7,27.1,2020-01-06,ativa,11.6,2266
62,masculino,5,natação,70.1,247.5,123.25,Não,22.3,38.9,2023-01-16,atleta,-16.6,1160
26,outro,0,futebol,70.1,247.5,252.36,Não,10.9,12.5,2021-10-20,sedentária,-1.6,1613
58,masculino,7,cardio,27.8,194.6,228.56,Não,23.3,19.5,2022-04-02,atleta,3.8,1449
27,outro,3,yoga,101.9,305.7,134.96,Sim,13.8,25.1,2022-04-13,ativa,-11.3,1438
61,feminino,7,cardio,117.5,822.5,218.16,Não,37.7,12.3,2024-02-11,atleta,25.4,769
56,outro,2,crossfit,117.9,235.8,293.55,Não,36.4,36.1,2021-07-29,ativa,0.3,1696
32,masculino,2,natação,52.3,104.6,286.83,Não,26.8,10.6,2021-01-24,ativa,16.2,1882
37,outro,0,natação,44.9,0.0,185.78,Sim,39.0,21.0,2023-11-12,sedentária,18.0,860
63,outro,7,futebol,70.1,247.5,63.68,Sim,17.4,19.4,2022-06-01,atleta,-2.0,1389
46,masculino,6,yoga,70.1,247.5,91.6,Não,34.5,32.1,2024-04-23,atleta,2.4,697
37,outro,3,crossfit,50.0,150.0,150.92,Sim,19.9,20.2,2024-02-09,ativa,-0.3,771
18,feminino,4,crossfit,32.9,131.6,214.17,Não,37.4,33.3,2022-02-09,ativa,4.1,1501
53,feminino,2,yoga,63.3,126.6,214.36,Não,12.5,26.8,2021-10-10,ativa,-14.3,1623
43,masculino,7,futebol,118.9,832.3,131.45,Não,22.5,35.1,2024-03-10,atleta,-12.6,741
43,feminino,0,futebol,101.7,0.0,215.21,Não,31.1,32.4,2024-04-24,sedentária,-1.3,696
39,outro,5,futebol,78.0,390.0,269.34,Sim,38.8,31.8,2022-11-02,atleta,7.0,1235
25,feminino,2,natação,112.3,224.6,130.93,Não,23.8,28.4,2025-01-24,ativa,-4.6,421
24,masculino,4,crossfit,113.8,455.2,149.22,Sim,30.5,35.7,2020-12-03,ativa,-5.2,1934
54,masculino,7,yoga,49.5,346.5,264.81,Sim,14.1,25.8,2025-09-08,atleta,-11.7,194
